case_id,mach,aoa_deg,iterations,surface_rows,runtime_seconds,final_rms_rho,final_rms_rhoe,cp_min,cp_max,cp_range
mach_0p7000_aoa_m1p250,0.7,-1.25,134,200,1.409428389997629,-8.001540609,-2.491903331,-0.9974871861894298,1.1280716886638085,2.125558874853238
mach_0p7000_aoa_m1p020,0.7,-1.0197368421052633,127,200,1.2436773220033501,-8.01338111,-2.506012513,-0.9053852407752877,1.1272680362935288,2.0326532770688166
mach_0p7000_aoa_m0p789,0.7,-0.7894736842105263,117,200,1.0963903930023662,-8.037428746,-2.532735245,-0.829042564711093,1.133346985539916,1.9623895502510091
mach_0p7000_aoa_m0p559,0.7,-0.5592105263157895,110,200,8.2655628959983,-8.043611207,-2.541586612,-0.7635094061544322,1.1357039135516398,1.8992133197060719
mach_0p7000_aoa_m0p329,0.7,-0.32894736842105265,104,200,4.786728571001731,-8.015208133,-2.515596492,-0.7048340359954396,1.134032167705827,1.8388662037012664
mach_0p7000_aoa_m0p099,0.7,-0.09868421052631593,101,200,0.9915366279965383,-8.0275074,-2.529439132,-0.6516523174470163,1.1281109900889674,1.7797633075359838
mach_0p7000_aoa_p0p132,0.7,0.13157894736842102,102,200,1.3358959430042887,-8.00218284,-2.504696924,-0.6609502721007625,1.1252868397182374,1.786237111819
mach_0p7000_aoa_p0p362,0.7,0.36184210526315796,108,200,8.297050640001544,-8.018016197,-2.518291525,-0.7149026642818648,1.1289381165564016,1.8438407808382664
mach_0p7000_aoa_p0p592,0.7,0.5921052631578947,115,200,1.2529200069984654,-8.029878907,-2.528452247,-0.774917956781375,1.1286266784569623,1.9035446352383372
mach_0p7000_aoa_p0p822,0.7,0.8223684210526314,121,200,1.2062387249970925,-8.005995385,-2.502044212,-0.8419333150405063,1.1246259036598343,1.9665592187003407
mach_0p7000_aoa_p1p053,0.7,1.0526315789473681,129,200,1.579167352996592,-8.001662184,-2.494829859,-0.9206320946008196,1.1172645316287766,2.037896626229596
mach_0p7000_aoa_p1p283,0.7,1.2828947368421053,137,200,1.369548113005294,-8.0258198,-2.515365096,-1.0146577630263913,1.119208479252703,2.1338662422790944
mach_0p7000_aoa_p1p513,0.7,1.513157894736842,164,200,1.533634080995398,-8.00342479,-2.492515033,-1.1104750391188147,1.1226324455350318,2.2331074846538463
mach_0p7000_aoa_p1p743,0.7,1.7434210526315788,170,200,8.929504198000359,-8.03402328,-2.525291015,-1.2001201316017023,1.1234437616816761,2.3235638932833784
mach_0p7000_aoa_p1p974,0.7,1.973684210526316,163,200,1.6789628920014366,-8.000835687,-2.49362121,-1.2839378471897784,1.1219763742527948,2.4059142214425733
mach_0p7000_aoa_p2p204,0.7,2.2039473684210527,150,200,1.321870118001243,-8.029913529,-2.522708473,-1.3481564088616427,1.1185201584025688,2.4666765672642113
mach_0p7000_aoa_p2p434,0.7,2.4342105263157894,136,200,1.2548094829980982,-8.018679348,-2.515815545,-1.4146613586201728,1.113341064104346,2.528002422724519
mach_0p7000_aoa_p2p664,0.7,2.664473684210526,130,200,1.10049381400313,-8.055144452,-2.547636671,-1.4603119462248744,1.1129127726544432,2.5732247188793176
mach_0p7000_aoa_p2p895,0.7,2.894736842105263,120,200,9.89234215599572,-8.052499406,-2.55069305,-1.498539696635482,1.1171167153422237,2.6156564119777057
mach_0p7000_aoa_p3p125,0.7,3.125,114,200,1.232950516998244,-8.055847702,-2.55171904,-1.5355629048897768,1.1196380700716877,2.6552009749614642
mach_0p7078_aoa_m1p250,0.7078125,-1.25,141,200,1.5570921019971138,-8.018899793,-2.507315539,-1.038699229542956,1.130729888696873,2.169429118239829
mach_0p7078_aoa_m1p020,0.7078125,-1.0197368421052633,131,200,1.4213825900005759,-8.001211982,-2.491287306,-0.9420691585581276,1.130751207169807,2.0728203657279343
mach_0p7078_aoa_m0p789,0.7078125,-0.7894736842105263,126,200,9.683660179995059,-8.01332745,-2.505284277,-0.8550718983701077,1.1365565733502958,1.9916284717204036
mach_0p7078_aoa_m0p559,0.7078125,-0.5592105263157895,116,200,1.1864911559969187,-8.018024701,-2.512736327,-0.7830897328109047,1.1387612761824624,1.9218510089933671
mach_0p7078_aoa_m0p329,0.7078125,-0.32894736842105265,110,200,1.159982338998816,-8.048422135,-2.545723184,-0.7211676514929045,1.137038867156116,1.8582065186490206
mach_0p7078_aoa_m0p099,0.7078125,-0.09868421052631593,105,200,1.1484360710019246,-8.008921203,-2.509414923,-0.6656448664905129,1.1311673098209545,1.7968121763114673
mach_0p7078_aoa_p0p132,0.7078125,0.13157894736842102,108,200,1.1316184210008942,-8.029799732,-2.529748898,-0.6749743489942142,1.1283255391041702,1.8032998880983844
mach_0p7078_aoa_p0p362,0.7078125,0.36184210526315796,114,200,1.2006196889997227,-8.002829355,-2.500825959,-0.732134109078157,1.1319443371934002,1.8640784462715572
mach_0p7078_aoa_p0p592,0.7078125,0.5921052631578947,121,200,8.398706129999482,-8.024610069,-2.520179013,-0.7957569717779455,1.1316974961992345,1.9274544679771801
mach_0p7078_aoa_p0p822,0.7078125,0.8223684210526314,128,200,1.1035427610040642,-8.012079023,-2.504773081,-0.8704805241040587,1.127859888050465,1.9983404121545238
mach_0p7078_aoa_p1p053,0.7078125,1.0526315789473681,134,200,1.1275688219975564,-8.004370945,-2.49392873,-0.9620734119646623,1.120788409176892,2.082861821141554
mach_0p7078_aoa_p1p283,0.7078125,1.2828947368421053,164,200,1.8078943559958134,-8.003116272,-2.492985896,-1.05428648103205,1.1218160606797496,2.1761025417117996
mach_0p7078_aoa_p1p513,0.7078125,1.513157894736842,173,200,1.7479008779992,-8.021065844,-2.510629043,-1.148092061947707,1.1253658685781327,2.27345793052584
mach_0p7078_aoa_p1p743,0.7078125,1.7434210526315788,164,200,1.5828216649970273,-8.012873108,-2.505828034,-1.2289648184275925,1.1264602545982274,2.35542507302582
mach_0p7078_aoa_p1p974,0.7078125,1.973684210526316,151,200,8.994253924000077,-8.002890557,-2.496887808,-1.2948767042828888,1.1254324965974152,2.420309200880304
mach_0p7078_aoa_p2p204,0.7078125,2.2039473684210527,140,200,1.318114876994514,-8.01306423,-2.507702214,-1.3617831622619807,1.1225453191714057,2.484328481433386
mach_0p7078_aoa_p2p434,0.7078125,2.4342105263157894,132,200,1.2207644230002188,-8.045119189,-2.540532563,-1.4098135795123456,1.1180355815771064,2.527849161089452
mach_0p7078_aoa_p2p664,0.7078125,2.664473684210526,122,200,1.2547155619977275,-8.038246687,-2.533590941,-1.4463133232873127,1.1144667951672231,2.560780118454536
mach_0p7078_aoa_p2p895,0.7078125,2.894736842105263,121,200,1.2653238539933227,-8.039073986,-2.524935604,-1.4808971592641775,1.119113400188955,2.600010559453133
mach_0p7078_aoa_p3p125,0.7078125,3.125,131,200,8.534958092001034,-8.015469553,-2.502397401,-1.5181368917477878,1.1221288488752619,2.6402657406230494
mach_0p7156_aoa_m1p250,0.715625,-1.25,166,200,1.9538063340005465,-8.004801066,-2.492176123,-1.078795841198138,1.1333248255433999,2.212120666741538
mach_0p7156_aoa_m1p020,0.715625,-1.0197368421052633,139,200,1.462905503998627,-8.02122941,-2.508643792,-0.9846903208300787,1.1343466880798854,2.119037008909964
mach_0p7156_aoa_m0p789,0.715625,-0.7894736842105263,133,200,1.6238519010003074,-8.002972142,-2.492580123,-0.8903622496575745,1.1398221615974062,2.0301844112549805
mach_0p7156_aoa_m0p559,0.715625,-0.5592105263157895,125,200,1.3165820849972079,-8.031658326,-2.523085174,-0.8079109535011939,1.1418563941930908,1.9497673476942847
mach_0p7156_aoa_m0p329,0.715625,-0.32894736842105265,116,200,1.4706041640019976,-8.036422583,-2.530623815,-0.7402373760844527,1.140078006403663,1.8803153824881158
mach_0p7156_aoa_m0p099,0.715625,-0.09868421052631593,111,200,8.608836530998815,-8.03354352,-2.530970649,-0.6813816275112217,1.134259893132221,1.8156415206434426
mach_0p7156_aoa_p0p132,0.715625,0.13157894736842102,114,200,1.3597796559988637,-8.028158807,-2.525894689,-0.6914244169134484,1.1314000987268154,1.8228245156402636
mach_0p7156_aoa_p0p362,0.715625,0.36184210526315796,120,200,1.2678036720026284,-8.008446914,-2.503818436,-0.751909692359051,1.134985226887984,1.8868949192470352
mach_0p7156_aoa_p0p592,0.715625,0.5921052631578947,126,200,1.5886559830032638,-8.006595329,-2.498832227,-0.8227874548414061,1.134810776989468,1.957598231830874
mach_0p7156_aoa_p0p822,0.715625,0.8223684210526314,134,200,2.033924568000657,-8.029291109,-2.518770055,-0.9093077974784487,1.1311600760411327,2.0404678735195816
mach_0p7156_aoa_p1p053,0.715625,1.0526315789473681,161,200,8.751298731003772,-8.004666764,-2.491677003,-1.0041387240843178,1.1244434580374116,2.1285821821217294
mach_0p7156_aoa_p1p283,0.715625,1.2828947368421053,171,200,1.7163130979970447,-8.022680672,-2.511031452,-1.0922840689010407,1.12435987649352,2.2166439453945608
mach_0p7156_aoa_p1p513,0.715625,1.513157894736842,168,200,1.954832167000859,-8.006441337,-2.49689056,-1.1731514901296431,1.1280515969115745,2.301203087041218
mach_0p7156_aoa_p1p743,0.715625,1.7434210526315788,153,200,1.7058187739967252,-8.005792318,-2.498663161,-1.2483713288785574,1.1294558646210737,2.3778271934996313
mach_0p7156_aoa_p1p974,0.715625,1.973684210526316,146,200,8.40173815000162,-8.012347246,-2.5044911,-1.3037371312149755,1.1288773908114997,2.4326145220264754
mach_0p7156_aoa_p2p204,0.715625,2.2039473684210527,132,200,1.2640372269961517,-8.024207583,-2.521953302,-1.3614620804867235,1.1265501606730943,2.488012241159818
mach_0p7156_aoa_p2p434,0.715625,2.4342105263157894,125,200,1.3492519749997882,-8.039459014,-2.537338794,-1.3955635954613035,1.122651633697546,2.5182152291588498
mach_0p7156_aoa_p2p664,0.715625,2.664473684210526,122,200,1.3986182129956433,-8.018132732,-2.507406593,-1.429160826895621,1.1172875699174154,2.5464483968130365
mach_0p7156_aoa_p2p895,0.715625,2.894736842105263,116,200,1.255385889999161,-8.076339117,-2.55869458,-1.4656716907808343,1.120984666873658,2.5866563576544923
mach_0p7156_aoa_p3p125,0.715625,3.125,110,200,1.0924849989969516,-8.007937151,-2.49806597,-1.504093811018996,1.1244507173160894,2.6285445283350857
mach_0p7234_aoa_m1p250,0.7234375,-1.25,167,200,9.040383940002357,-8.018118522,-2.506556306,-1.113243932548245,1.1358172249178426,2.2490611574660875
mach_0p7234_aoa_m1p020,0.7234375,-1.0197368421052633,170,200,1.6811715849980828,-8.026748455,-2.512783967,-1.0257294108057828,1.1380732998860037,2.1638027106917868
mach_0p7234_aoa_m0p789,0.7234375,-0.7894736842105263,140,200,1.3243561620038236,-8.003544497,-2.490297091,-0.9359702140278057,1.1431484522035114,2.079118666231317
mach_0p7234_aoa_m0p559,0.7234375,-0.5592105263157895,133,200,1.290845867995813,-8.036128809,-2.525336498,-0.8423801748333362,1.1449809792604495,1.9873611540937857
mach_0p7234_aoa_m0p329,0.7234375,-0.32894736842105265,124,200,1.2620581000010134,-8.016490475,-2.507718287,-0.7640880617914435,1.1431404024540617,1.907228464245505
mach_0p7234_aoa_m0p099,0.7234375,-0.09868421052631593,117,200,1.1906410430019605,-8.006270731,-2.501054223,-0.6995661754871774,1.137380634657585,1.8369468101447624
mach_0p7234_aoa_p0p132,0.7234375,0.13157894736842102,120,200,8.79858948400215,-8.018359433,-2.513479103,-0.710316788003355,1.1345023546052122,1.8448191426085672
mach_0p7234_aoa_p0p362,0.7234375,0.36184210526315796,126,200,1.2765781720008818,-8.047146957,-2.539355579,-0.7774816952531927,1.1380521174981584,1.915533812751351
mach_0p7234_aoa_p0p592,0.7234375,0.5921052631578947,130,200,1.3675281010000617,-8.023578672,-2.512784297,-0.8596140548205492,1.1379607507482314,1.9975748055687808
mach_0p7234_aoa_p0p822,0.7234375,0.8223684210526314,156,200,1.536613372998545,-8.005286453,-2.492483459,-0.9530458071439633,1.1345393149829075,2.0875851221268706
mach_0p7234_aoa_p1p053,0.7234375,1.0526315789473681,172,200,1.8705179809985566,-8.016544874,-2.504245795,-1.0459088077490357,1.128251049194776,2.1741598569438114
mach_0p7234_aoa_p1p283,0.7234375,1.2828947368421053,168,200,8.967351304003387,-8.012530244,-2.502837534,-1.1280076026122585,1.126801006309024,2.2548086089212824
mach_0p7234_aoa_p1p513,0.7234375,1.513157894736842,157,200,1.5805561270026374,-8.020469804,-2.51144382,-1.1995179445074111,1.130662719622966,2.330180664130377
mach_0p7234_aoa_p1p743,0.7234375,1.7434210526315788,144,200,1.4946339689995511,-8.01704136,-2.509933031,-1.250605652771263,1.1323987674887492,2.3830044202600122
mach_0p7234_aoa_p1p974,0.7234375,1.973684210526316,134,200,1.409447744001227,-8.004272881,-2.498123494,-1.3106959962953404,1.132269475450179,2.442965471745519
mach_0p7234_aoa_p2p204,0.7234375,2.2039473684210527,128,200,1.2542690230038716,-8.012334089,-2.505870726,-1.348383775268985,1.1304647713484868,2.4788485466174714
mach_0p7234_aoa_p2p434,0.7234375,2.4342105263157894,123,200,8.278787553994334,-8.001697013,-2.493399135,-1.3809271748734813,1.1271301165475966,2.508057291421078
mach_0p7234_aoa_p2p664,0.7234375,2.664473684210526,116,200,1.2723115150001831,-8.084483431,-2.573985327,-1.4160717433551704,1.1224061596756303,2.5384779030308007
mach_0p7234_aoa_p2p895,0.7234375,2.894736842105263,124,200,1.3584178750024876,-8.031612639,-2.519077865,-1.4535294675013695,1.1226738770220117,2.576203344523381
mach_0p7234_aoa_p3p125,0.7234375,3.125,107,200,1.417562968999846,-8.021178074,-2.494546297,-1.4936453681082493,1.1265929196200448,2.620238287728294
mach_0p7312_aoa_m1p250,0.73125,-1.25,152,200,1.6334839740011375,-8.028645385,-2.517219189,-1.1375539574640274,1.1381924552598202,2.275746412723848
mach_0p7312_aoa_m1p020,0.73125,-1.0197368421052633,165,200,2.2476515239977743,-8.012091978,-2.501719443,-1.0599431864481723,1.1419489603801984,2.2018921468283708
mach_0p7312_aoa_m0p789,0.73125,-0.7894736842105263,166,200,8.791582561003452,-8.012451269,-2.499597028,-0.9773533163294625,1.146553693478991,2.1239070098084536
mach_0p7312_aoa_m0p559,0.73125,-0.5592105263157895,137,200,1.4385793910041684,-8.004384663,-2.490345161,-0.886226940319644,1.1481398906585638,2.034366830978208
mach_0p7312_aoa_m0p329,0.73125,-0.32894736842105265,130,200,1.3637151069997344,-8.001834539,-2.491141543,-0.7964423121149339,1.1462293613810066,1.9426716734959406
mach_0p7312_aoa_m0p099,0.73125,-0.09868421052631593,125,200,1.3983375030002207,-8.004707715,-2.496542002,-0.7226735234927009,1.1405350997428654,1.8632086232355662
mach_0p7312_aoa_p0p132,0.73125,0.13157894736842102,126,200,1.3443116510024993,-8.000228929,-2.492638507,-0.7344824745755492,1.1376377120038275,1.8721201865793766
mach_0p7312_aoa_p0p362,0.73125,0.36184210526315796,129,200,8.224364063004032,-8.006248473,-2.495822976,-0.8118856172087704,1.1411495895836048,1.953035206792375
mach_0p7312_aoa_p0p592,0.73125,0.5921052631578947,149,200,1.4909965730039403,-8.00561535,-2.492120279,-0.9055175984433295,1.1411590727088836,2.046676671152213
mach_0p7312_aoa_p0p822,0.73125,0.8223684210526314,170,200,2.2839237239968497,-8.022699375,-2.50879852,-0.9957215168292919,1.1380204494657196,2.1337419662950117
mach_0p7312_aoa_p1p053,0.73125,1.0526315789473681,170,200,1.756533155006764,-8.001098206,-2.488917177,-1.0803465348697325,1.1322300355534598,2.2125765704231926
mach_0p7312_aoa_p1p283,0.73125,1.2828947368421053,160,200,8.669819636998,-8.009435537,-2.496070347,-1.1476742430827085,1.1291300320216953,2.2768042751044035
mach_0p7312_aoa_p1p513,0.73125,1.513157894736842,147,200,1.5631070739982533,-8.020541569,-2.509859154,-1.208678365412929,1.133186948435367,2.341865313848296
mach_0p7312_aoa_p1p743,0.73125,1.7434210526315788,139,200,1.5847466900013387,-8.066923447,-2.557456186,-1.2553741101564435,1.135279911147945,2.3906540213043885
mach_0p7312_aoa_p1p974,0.73125,1.973684210526316,131,200,1.3299997430003714,-8.014604078,-2.507263154,-1.3035174265346292,1.1355884388759072,2.4391058654105366
mach_0p7312_aoa_p2p204,0.73125,2.2039473684210527,122,200,1.294842304996564,-8.011403566,-2.506838822,-1.3368267934548543,1.134288449330862,2.471115242785716
mach_0p7312_aoa_p2p434,0.73125,2.4342105263157894,120,200,1.1334478170028888,-8.036943747,-2.527633746,-1.370236151752109,1.1315221239942432,2.5017582757463526
mach_0p7312_aoa_p2p664,0.73125,2.664473684210526,114,200,8.119477788997756,-8.019177799,-2.511597294,-1.406906961305138,1.1274089599168182,2.534315921221956
mach_0p7312_aoa_p2p895,0.73125,2.894736842105263,127,200,1.9038332989948685,-8.04818706,-2.530178355,-1.443249057170513,1.124221668909366,2.567470726079879
mach_0p7312_aoa_p3p125,0.73125,3.125,116,200,1.2836780850047944,-8.01081289,-2.490636083,-1.4808213990292383,1.1285795786960902,2.609400977725328
mach_0p7391_aoa_m1p250,0.7390625,-1.25,147,200,1.5859337040019454,-8.019681393,-2.509631192,-1.1573197328327496,1.1404396992584855,2.297759432091235
mach_0p7391_aoa_m1p020,0.7390625,-1.0197368421052633,156,200,1.6844225140011986,-8.008018064,-2.496353214,-1.0958681608816183,1.1459441274541473,2.2418122883357654
mach_0p7391_aoa_m0p789,0.7390625,-0.7894736842105263,167,200,8.754427116997249,-8.016589829,-2.504451348,-1.0183757818261745,1.1500314110077747,2.168407192833949
mach_0p7391_aoa_m0p559,0.7390625,-0.5592105263157895,166,200,1.8409324750027736,-8.006485823,-2.49165207,-0.9306259162889308,1.1513206960560365,2.081946612344967
mach_0p7391_aoa_m0p329,0.7390625,-0.32894736842105265,140,200,1.48259759600478,-8.02881492,-2.513488473,-0.8401292829756506,1.1493253764869513,1.989454659462602
mach_0p7391_aoa_m0p099,0.7390625,-0.09868421052631593,131,200,1.258501949996571,-8.005235367,-2.495318636,-0.7531069723741113,1.143712889421903,1.8968198617960144
mach_0p7391_aoa_p0p132,0.7390625,0.13157894736842102,132,200,1.5625847920018714,-8.017638785,-2.507203164,-0.7669040778744256,1.1407949799158763,1.907699057790302
mach_0p7391_aoa_p0p362,0.7390625,0.36184210526315796,141,200,1.9068663029975141,-8.011325684,-2.496095878,-0.8578076013921851,1.144261978306561,2.0020695796987464
mach_0p7391_aoa_p0p592,0.7390625,0.5921052631578947,166,200,8.057762236006965,-8.001072249,-2.487038337,-0.9482778844694687,1.144401630678362,2.0926795151478306
mach_0p7391_aoa_p0p822,0.7390625,0.8223684210526314,168,200,1.9713109599979362,-8.001316996,-2.490592034,-1.0278193266604563,1.141601875680875,2.169421202341331
mach_0p7391_aoa_p1p053,0.7390625,1.0526315789473681,156,200,1.6752340539969737,-8.019133651,-2.510286513,-1.101357641287567,1.1363588854997675,2.2377165267873345
mach_0p7391_aoa_p1p283,0.7390625,1.2828947368421053,150,200,1.6450309499996365,-8.035926833,-2.525287938,-1.166098159688155,1.131336085814735,2.29743424550289
mach_0p7391_aoa_p1p513,0.7390625,1.513157894736842,141,200,8.086739687001682,-8.059851566,-2.549602696,-1.200588235960241,1.1356441593080149,2.3362323952682558
mach_0p7391_aoa_p1p743,0.7390625,1.7434210526315788,131,200,1.4132560599973658,-8.014004268,-2.506820893,-1.258433343777761,1.1380938580453324,2.396527201823093
mach_0p7391_aoa_p1p974,0.7390625,1.973684210526316,120,200,1.2930222430004505,-8.035796124,-2.532236675,-1.2949962538801896,1.1388272856847586,2.433823539564948
mach_0p7391_aoa_p2p204,0.7390625,2.2039473684210527,119,200,1.2921809920007945,-8.044638914,-2.535632118,-1.3280705895312408,1.138017255684874,2.466087845216115
mach_0p7391_aoa_p2p434,0.7390625,2.4342105263157894,128,200,1.4896273609992932,-8.069598081,-2.550079738,-1.3604762520424514,1.1357858099598812,2.496262062002333
mach_0p7391_aoa_p2p664,0.7390625,2.664473684210526,120,200,1.3067931260011392,-8.01695202,-2.504217913,-1.3958769687080181,1.1322500023964766,2.528126971104495
mach_0p7391_aoa_p2p895,0.7390625,2.894736842105263,113,200,1.1699468119986705,-8.089470381,-2.566056268,-1.4315516028489217,1.1275109109826074,2.5590625138315293
mach_0p7391_aoa_p3p125,0.7390625,3.125,119,200,8.15463897799782,-8.024834257,-2.510034987,-1.4672171560154246,1.1304335964107708,2.5976507524261954
mach_0p7469_aoa_m1p250,0.746875,-1.25,142,200,1.433120763998886,-8.051640389,-2.54131404,-1.1706239259026068,1.1442319022397933,2.3148558281424
mach_0p7469_aoa_m1p020,0.746875,-1.0197368421052633,149,200,1.5376657390006585,-8.036846963,-2.522988531,-1.1073965664284373,1.1500269539727377,2.2574235204011748
mach_0p7469_aoa_m0p789,0.746875,-0.7894736842105263,158,200,1.7057399900004384,-8.000017659,-2.48771449,-1.047619066798057,1.1535716008142558,2.2011906676123125
mach_0p7469_aoa_m0p559,0.746875,-0.5592105263157895,164,200,1.6509051480024937,-8.012401285,-2.496964269,-0.9724143546775644,1.1545209792275177,2.1269353339050823
mach_0p7469_aoa_m0p329,0.746875,-0.32894736842105265,162,200,9.475184743998398,-8.016072368,-2.499922095,-0.8837623522095727,1.1524147411953154,2.036177093404888
mach_0p7469_aoa_m0p099,0.746875,-0.09868421052631593,140,200,1.4066374530011672,-8.008978387,-2.494264323,-0.7933642460142514,1.1469078086712783,1.9402720546855297
mach_0p7469_aoa_p0p132,0.746875,0.13157894736842102,139,200,1.319006026002171,-8.018630582,-2.503925392,-0.8133087684047036,1.1439670356586074,1.957275804063311
mach_0p7469_aoa_p0p362,0.746875,0.36184210526315796,167,200,1.678565994996461,-8.023611597,-2.508296464,-0.9028926498944533,1.1473854595792432,2.0502781094736964
mach_0p7469_aoa_p0p592,0.746875,0.5921052631578947,170,200,8.669648639996012,-8.016939062,-2.50271779,-0.9881375160051097,1.1476929849183246,2.135830500923434
mach_0p7469_aoa_p0p822,0.746875,0.8223684210526314,158,200,1.5853839590054122,-8.021859468,-2.508393121,-1.0621477846545953,1.145278236059418,2.2074260207140135
mach_0p7469_aoa_p1p053,0.746875,1.0526315789473681,153,200,1.6644556850005756,-8.061424271,-2.548682724,-1.1207662211337253,1.1405798913313492,2.261346112465074
mach_0p7469_aoa_p1p283,0.746875,1.2828947368421053,143,200,1.553438584000105,-8.025472247,-2.515491887,-1.1635655902726074,1.1338907024449445,2.297456292717552
mach_0p7469_aoa_p1p513,0.746875,1.513157894736842,131,200,1.3564396840010886,-8.003018013,-2.493026439,-1.2084294070638504,1.1380337783498438,2.346463185413694
mach_0p7469_aoa_p1p743,0.746875,1.7434210526315788,122,200,1.5441539530002046,-8.034794516,-2.531781634,-1.2551540511217711,1.1408369538327947,2.395991004954566
mach_0p7469_aoa_p1p974,0.746875,1.973684210526316,122,200,8.390017224002804,-8.051240393,-2.542811759,-1.286050262810801,1.1419888607428303,2.4280391235536314
mach_0p7469_aoa_p2p204,0.746875,2.2039473684210527,119,200,1.2365336700022453,-8.057230041,-2.543486051,-1.3169909730106368,1.1416429271653719,2.4586339001760087
mach_0p7469_aoa_p2p434,0.746875,2.4342105263157894,115,200,1.238823275998584,-8.045919562,-2.534795355,-1.349620150979611,1.13991879065025,2.489538941629861
mach_0p7469_aoa_p2p664,0.746875,2.664473684210526,122,200,1.432715470000403,-8.018543155,-2.501625271,-1.3841147756677312,1.1369131453896268,2.521027921057358
mach_0p7469_aoa_p2p895,0.746875,2.894736842105263,129,200,1.3726873900013743,-8.037905456,-2.517587955,-1.4201423900876515,1.1327182053454665,2.552860595433118
mach_0p7469_aoa_p3p125,0.746875,3.125,111,200,1.1780107319937088,-8.052094633,-2.500343467,-1.4538394162067045,1.132176111494696,2.5860155277014005
mach_0p7547_aoa_m1p250,0.7546875,-1.25,133,200,8.370061902998714,-8.014706437,-2.507192091,-1.1588911804134931,1.1489341943694311,2.307825374782924
mach_0p7547_aoa_m1p020,0.7546875,-1.0197368421052633,145,200,1.6548196250005276,-8.042029781,-2.529425038,-1.1244614468295306,1.1541281233909695,2.2785895702205003
mach_0p7547_aoa_m0p789,0.7546875,-0.7894736842105263,152,200,1.4785952259990154,-8.05207403,-2.537998129,-1.0711206624949294,1.157144669235255,2.228265331730184
mach_0p7547_aoa_m0p559,0.7546875,-0.5592105263157895,159,200,1.5110944769985508,-8.039773419,-2.52621824,-1.0033566168135248,1.15772042697094,2.1610770437844646
mach_0p7547_aoa_m0p329,0.7546875,-0.32894736842105265,161,200,1.4935866289961268,-8.018913613,-2.503263083,-0.9274168893918774,1.1554736007459685,2.0828904901378458
mach_0p7547_aoa_m0p099,0.7546875,-0.09868421052631593,156,200,8.775307459996839,-8.018419535,-2.501862577,-0.841068884627717,1.150095604068388,1.991164488696105
mach_0p7547_aoa_p0p132,0.7546875,0.13157894736842102,163,200,1.6347384489999968,-8.016617612,-2.500302647,-0.8568467260806609,1.1471327484634475,2.003979474544108
mach_0p7547_aoa_p0p362,0.7546875,0.36184210526315796,166,200,1.55240518500068,-8.01532539,-2.500970345,-0.9439224424629601,1.1505033493070203,2.0944257917699804
mach_0p7547_aoa_p0p592,0.7546875,0.5921052631578947,160,200,1.5567203529935796,-8.012834177,-2.49889093,-1.0164858223775721,1.1510145980888924,2.1675004204664647
mach_0p7547_aoa_p0p822,0.7546875,0.8223684210526314,154,200,1.573077403998468,-8.024303762,-2.511976124,-1.0680029733647358,1.1489998309516771,2.217002804316413
mach_0p7547_aoa_p1p053,0.7546875,1.0526315789473681,144,200,8.410814549999486,-8.018283382,-2.507924957,-1.1281032047530883,1.14481490354265,2.2729181082957384
mach_0p7547_aoa_p1p283,0.7546875,1.2828947368421053,131,200,1.230940051995276,-8.031010507,-2.522551189,-1.1595755447034983,1.138730332217194,2.2983058769206925
mach_0p7547_aoa_p1p513,0.7546875,1.513157894736842,123,200,1.2682988239976112,-8.008142699,-2.50218527,-1.2125139353602719,1.140374395332211,2.352888330692483
mach_0p7547_aoa_p1p743,0.7546875,1.7434210526315788,118,200,1.1245670029966277,-8.023118254,-2.519176563,-1.2463246251846085,1.1435127637756781,2.3898373889602866
mach_0p7547_aoa_p1p974,0.7546875,1.973684210526316,116,200,1.0785098859996651,-8.043336541,-2.53298774,-1.2746679394161162,1.145063289995552,2.419731229411668
mach_0p7547_aoa_p2p204,0.7546875,2.2039473684210527,117,200,1.1061335269987467,-8.04359071,-2.532588018,-1.3050231418025378,1.145154882615595,2.4501780244181326
mach_0p7547_aoa_p2p434,0.7546875,2.4342105263157894,137,200,1.3603564259974519,-8.014561217,-2.495549915,-1.3382522506314392,1.1439010398388876,2.4821532904703267
mach_0p7547_aoa_p2p664,0.7546875,2.664473684210526,122,200,8.290173072004109,-8.036525419,-2.514575595,-1.3722373470397198,1.1414131263990905,2.51365047343881
mach_0p7547_aoa_p2p895,0.7546875,2.894736842105263,134,200,1.2741155219991924,-8.018801518,-2.491019002,-1.404423333185999,1.1377987672256182,2.5422221004116174
mach_0p7547_aoa_p3p125,0.7546875,3.125,141,200,2.1037932570034172,-8.009475592,-2.485822105,-1.4341400343720545,1.1337589891062647,2.5678990234783194
mach_0p7625_aoa_m1p250,0.7625,-1.25,124,200,1.4469974559979164,-8.015118662,-2.505559332,-1.1466319124883633,1.153564747863168,2.3001966603515314
mach_0p7625_aoa_m1p020,0.7625,-1.0197368421052633,134,200,1.4371699480034295,-8.020269471,-2.508499814,-1.123492137313335,1.1581864409770921,2.2816785782904274
mach_0p7625_aoa_m0p789,0.7625,-0.7894736842105263,146,200,1.382188473995484,-8.020221169,-2.507457813,-1.0689058141110714,1.1607162127743604,2.2296220268854317
mach_0p7625_aoa_m0p559,0.7625,-0.5592105263157895,149,200,1.3915661940045538,-8.036002919,-2.520957789,-1.0308635700471005,1.1609137938802723,2.1917773639273728
mach_0p7625_aoa_m0p329,0.7625,-0.32894736842105265,163,200,1.508782008997514,-8.009194325,-2.494831586,-0.9657668560218632,1.158508346214822,2.124275202236685
mach_0p7625_aoa_m0p099,0.7625,-0.09868421052631593,168,200,1.5883284289957373,-8.023215301,-2.505430328,-0.8872957799623366,1.1532909620557439,2.0405867420180805
mach_0p7625_aoa_p0p132,0.7625,0.13157894736842102,167,200,1.7319072559985216,-8.013133278,-2.495368365,-0.8991506457851978,1.1503029751544351,2.049453620939633
mach_0p7625_aoa_p0p362,0.7625,0.36184210526315796,158,200,1.8476823329983745,-8.002114754,-2.486790778,-0.9693107137206223,1.153619104206164,2.1229298179267864
mach_0p7625_aoa_p0p592,0.7625,0.5921052631578947,157,200,1.6507763609988615,-8.030448135,-2.517692628,-1.0338730228231325,1.1543549252042296,2.188227948027362
mach_0p7625_aoa_p0p822,0.7625,0.8223684210526314,142,200,1.717366236000089,-8.005763623,-2.498967776,-1.0897885595653505,1.1527333819426437,2.242521941507994
mach_0p7625_aoa_p1p053,0.7625,1.0526315789473681,131,200,1.362962876999518,-8.046665571,-2.540331083,-1.1231027979925146,1.1490447590731843,2.272147557065699
mach_0p7625_aoa_p1p283,0.7625,1.2828947368421053,123,200,1.9161786949989619,-8.028762603,-2.523189854,-1.1653664468030382,1.143534679027644,2.3089011258306824
mach_0p7625_aoa_p1p513,0.7625,1.513157894736842,120,200,1.175649937002163,-8.031730817,-2.525773979,-1.2069831859555884,1.142682619966086,2.349665805921674
mach_0p7625_aoa_p1p743,0.7625,1.7434210526315788,119,200,1.1587607880064752,-8.010981113,-2.498665414,-1.2341491646551757,1.146143789746081,2.3802929544012565
mach_0p7625_aoa_p1p974,0.7625,1.973684210526316,131,200,1.3092773460011813,-8.077549022,-2.554024708,-1.2622766765786544,1.1480734196023623,2.4103500961810167
mach_0p7625_aoa_p2p204,0.7625,2.2039473684210527,135,200,1.3597913029952906,-8.016513537,-2.492873414,-1.2941553671316475,1.1485716026010648,2.4427269697327123
mach_0p7625_aoa_p2p434,0.7625,2.4342105263157894,142,200,1.394077857999946,-8.016748265,-2.485387244,-1.3240484592289443,1.1477872952846704,2.4718357545136147
mach_0p7625_aoa_p2p664,0.7625,2.664473684210526,126,200,1.239537447996554,-8.031874321,-2.509184432,-1.3536700330352216,1.1457901329417026,2.499460165976924
mach_0p7625_aoa_p2p895,0.7625,2.894736842105263,125,200,1.2660939329944085,-8.030498777,-2.505752549,-1.3840129520763207,1.1426644620627977,2.5266774141391184
mach_0p7625_aoa_p3p125,0.7625,3.125,134,200,1.3521619910025038,-8.06002467,-2.536058734,-1.414582877671756,1.138492458761697,2.553075336433453
mach_0p7703_aoa_m1p250,0.7703125,-1.25,133,200,1.365699793001113,-8.026539023,-2.510931359,-1.1473311970089415,1.1581311601189361,2.305462357127878
mach_0p7703_aoa_m1p020,0.7703125,-1.0197368421052633,134,200,1.4375411930013797,-8.007806282,-2.495579619,-1.1113352727719306,1.1622000185447092,2.27353529131664
mach_0p7703_aoa_m0p789,0.7703125,-0.7894736842105263,146,200,1.551178007000999,-8.017406421,-2.499830672,-1.0832029561985395,1.1642546759466255,2.247457632145165
mach_0p7703_aoa_m0p559,0.7703125,-0.5592105263157895,147,200,1.4381027760027791,-8.00540806,-2.489550435,-1.0349194993510058,1.1640936329739189,2.1990131323249247
mach_0p7703_aoa_m0p329,0.7703125,-0.32894736842105265,169,200,1.5901293819988496,-8.025991827,-2.507110942,-0.9790462339797221,1.1615334676423166,2.1405797016220385
mach_0p7703_aoa_m0p099,0.7703125,-0.09868421052631593,168,200,1.862474868998106,-8.014350962,-2.498170571,-0.9206008112475449,1.156506133820318,2.0771069450678628
mach_0p7703_aoa_p0p132,0.7703125,0.13157894736842102,167,200,1.5802989389994764,-8.011730437,-2.49547234,-0.9356949497849477,1.153494449009854,2.089189398794802
mach_0p7703_aoa_p0p362,0.7703125,0.36184210526315796,162,200,1.6195237700012513,-8.034822344,-2.518681452,-0.9978145062796426,1.1567487460638426,2.1545632523434852
mach_0p7703_aoa_p0p592,0.7703125,0.5921052631578947,145,200,1.5274283730032039,-8.009736853,-2.497358837,-1.0393950374265128,1.1576948368780615,2.1970898743045746
mach_0p7703_aoa_p0p822,0.7703125,0.8223684210526314,134,200,1.2973764400012442,-8.005983634,-2.495812844,-1.0914706096593978,1.1564510012596485,2.2479216109190463
mach_0p7703_aoa_p1p053,0.7703125,1.0526315789473681,127,200,1.3677796200063312,-8.023268586,-2.514659879,-1.1190612872561376,1.1532324206582678,2.2722937079144057
mach_0p7703_aoa_p1p283,0.7703125,1.2828947368421053,123,200,1.2267851869983133,-8.015439081,-2.498326164,-1.1679559160429096,1.1482199869206844,2.316175902963594
mach_0p7703_aoa_p1p513,0.7703125,1.513157894736842,121,200,1.72477524200076,-8.063526479,-2.555389829,-1.195559841575566,1.1450012507785996,2.3405610923541653
mach_0p7703_aoa_p1p743,0.7703125,1.7434210526315788,125,200,1.2136969640050665,-8.075223496,-2.553267243,-1.221154603244714,1.1487331545213066,2.369887757766021
mach_0p7703_aoa_p1p974,0.7703125,1.973684210526316,146,200,1.397061962998123,-8.014666357,-2.489066181,-1.2498650819669428,1.1509958486223317,2.4008609305892747
mach_0p7703_aoa_p2p204,0.7703125,2.2039473684210527,111,200,1.0325198450009339,-8.061881298,-2.524473047,-1.2797940953074698,1.1518997159805884,2.431693811288058
mach_0p7703_aoa_p2p434,0.7703125,2.4342105263157894,149,200,1.43810369700077,-8.03265157,-2.513172997,-1.3108796282865325,1.1515368465474507,2.462416474833983
mach_0p7703_aoa_p2p664,0.7703125,2.664473684210526,132,200,1.3633440300036455,-8.031953554,-2.511045594,-1.3391192410290664,1.1499939348187025,2.489113175847769
mach_0p7703_aoa_p2p895,0.7703125,2.894736842105263,107,200,1.036268014999223,-8.035230995,-2.497314384,-1.365500545928644,1.1473611353732283,2.5128616813018723
mach_0p7703_aoa_p3p125,0.7703125,3.125,145,200,1.3461600779992295,-8.065440498,-2.537716178,-1.390169666191734,1.143746558454957,2.533916224646691
mach_0p7781_aoa_m1p250,0.778125,-1.25,135,200,1.3121248759998707,-8.019217484,-2.505809575,-1.153297419130459,1.162568379368819,2.315865798499278
mach_0p7781_aoa_m1p020,0.778125,-1.0197368421052633,142,200,1.294560875998286,-8.033574289,-2.518131584,-1.1010482532603307,1.1661423689510215,2.267190622211352
mach_0p7781_aoa_m0p789,0.778125,-0.7894736842105263,148,200,1.3304966840005363,-8.020436775,-2.50125993,-1.0787606273717798,1.1677670476596613,2.246527675031441
mach_0p7781_aoa_m0p559,0.778125,-0.5592105263157895,171,200,1.6208785799972247,-8.009097869,-2.488935104,-1.0319962347906373,1.1672868032677468,2.1992830380583843
mach_0p7781_aoa_m0p329,0.778125,-0.32894736842105265,166,200,1.5639397870036191,-8.019241624,-2.500087887,-1.0024127900411082,1.1646239414822301,2.1670367315233383
mach_0p7781_aoa_m0p099,0.778125,-0.09868421052631593,166,200,1.505180880005355,-8.015631667,-2.498592355,-0.9480199970565705,1.1597627355848248,2.1077827326413954
mach_0p7781_aoa_p0p132,0.778125,0.13157894736842102,164,200,1.6742357909970451,-8.023170927,-2.508595416,-0.9540906575663173,1.1567493351711622,2.1108399927374792
mach_0p7781_aoa_p0p362,0.778125,0.36184210526315796,164,200,1.54727424900193,-8.007342943,-2.488292295,-1.005061539464495,1.159917133873425,2.16497867333792
mach_0p7781_aoa_p0p592,0.778125,0.5921052631578947,158,200,1.7998610549984733,-8.01140324,-2.491012985,-1.0563490229568044,1.1610398231787835,2.217388846135588
mach_0p7781_aoa_p0p822,0.778125,0.8223684210526314,140,200,1.3830278640016331,-8.024745129,-2.505826407,-1.0803178563046243,1.160138897053923,2.240456753358547
mach_0p7781_aoa_p1p053,0.778125,1.0526315789473681,133,200,1.247270166000817,-8.000294276,-2.485330649,-1.125211868501145,1.1573415505811204,2.2825534190822654
mach_0p7781_aoa_p1p283,0.778125,1.2828947368421053,126,200,1.1340924780015484,-8.004703358,-2.489621523,-1.1581642541202002,1.1528041619720029,2.3109684160922033
mach_0p7781_aoa_p1p513,0.778125,1.513157894736842,127,200,1.1460253990007914,-8.026957093,-2.503955223,-1.1794753556807476,1.1472612472224002,2.3267366029031478
mach_0p7781_aoa_p1p743,0.778125,1.7434210526315788,123,200,1.4431863130012061,-8.001895463,-2.475023611,-1.20720642832416,1.1512612921806618,2.3584677205048217
mach_0p7781_aoa_p1p974,0.778125,1.973684210526316,126,200,1.2557511019986123,-8.113709241,-2.58060527,-1.2435566193672158,1.153885538158701,2.3974421575259166
mach_0p7781_aoa_p2p204,0.778125,2.2039473684210527,141,200,1.271732064000389,-8.026731009,-2.505092328,-1.2772236244586344,1.1551550493859433,2.4323786738445774
mach_0p7781_aoa_p2p434,0.778125,2.4342105263157894,137,200,1.245459152996773,-8.006797313,-2.48594963,-1.3038745067567963,1.1551854487032012,2.4590599554599972
mach_0p7781_aoa_p2p664,0.778125,2.664473684210526,149,200,1.6685207780028577,-8.009330551,-2.490894128,-1.329446906116039,1.1540841113942457,2.483531017510285
mach_0p7781_aoa_p2p895,0.778125,2.894736842105263,143,200,1.4112273840000853,-8.003746444,-2.482644771,-1.3495711998500701,1.1519301637879233,2.5015013636379937
mach_0p7781_aoa_p3p125,0.778125,3.125,132,200,1.2132615839946084,-8.001584092,-2.481897431,-1.369992364476593,1.1488121469210302,2.518804511397623
mach_0p7859_aoa_m1p250,0.7859375,-1.25,145,200,1.346486096001172,-8.033526328,-2.516329897,-1.1466922148264171,1.166958495960143,2.3136507107865603
mach_0p7859_aoa_m1p020,0.7859375,-1.0197368421052633,148,200,1.368387499001983,-8.006231691,-2.487058207,-1.1130678169474342,1.1700261818081867,2.283093998755621
mach_0p7859_aoa_m0p789,0.7859375,-0.7894736842105263,168,200,1.5032653790040058,-8.016505081,-2.496103775,-1.0650302729307972,1.1712453830771938,2.236275656007991
mach_0p7859_aoa_m0p559,0.7859375,-0.5592105263157895,169,200,1.5880742329973145,-8.002653466,-2.484652762,-1.043857604163313,1.1705139841692005,2.2143715883325132
mach_0p7859_aoa_m0p329,0.7859375,-0.32894736842105265,168,200,1.631652338001004,-8.034280222,-2.516014641,-0.9965177397377218,1.1677827004484276,2.1643004401861496
mach_0p7859_aoa_m0p099,0.7859375,-0.09868421052631593,156,200,1.4240542230036226,-8.039267866,-2.52312633,-0.9637778152241576,1.1631043058297958,2.1268821210539537
mach_0p7859_aoa_p0p132,0.7859375,0.13157894736842102,156,200,1.7873622709958,-8.036187814,-2.517000995,-0.9761917146599154,1.1600739838214638,2.1362656984813793
mach_0p7859_aoa_p0p362,0.7859375,0.36184210526315796,173,200,1.5404245579993585,-8.007179829,-2.490775002,-1.0119309778464725,1.1631485320869284,2.1750795099334006
mach_0p7859_aoa_p0p592,0.7859375,0.5921052631578947,173,200,1.5740491030010162,-8.028042185,-2.50908891,-1.0496815253467202,1.1643920582369494,2.2140735835836693
mach_0p7859_aoa_p0p822,0.7859375,0.8223684210526314,155,200,1.429773629999545,-8.010387824,-2.489184078,-1.0800791879110527,1.1637799989344737,2.243859186845526
mach_0p7859_aoa_p1p053,0.7859375,1.0526315789473681,139,200,1.250886484995135,-8.016955019,-2.499329996,-1.1206156167578936,1.1613858000093111,2.282001416767205
mach_0p7859_aoa_p1p283,0.7859375,1.2828947368421053,136,200,1.2900301730041974,-8.033934615,-2.516993816,-1.1386677781461334,1.1573496210797767,2.29601739922591
mach_0p7859_aoa_p1p513,0.7859375,1.513157894736842,132,200,1.2462832930032164,-8.003146665,-2.480350559,-1.1701074699984382,1.1517866437191198,2.321894113717558
mach_0p7859_aoa_p1p743,0.7859375,1.7434210526315788,135,200,1.1994937440031208,-8.019805542,-2.497429832,-1.2100298639456435,1.1538326945165944,2.363862558462238
mach_0p7859_aoa_p1p974,0.7859375,1.973684210526316,129,200,1.2736879410003894,-8.029210792,-2.485850416,-1.2346918066210844,1.1567237925479457,2.3914155991690302
mach_0p7859_aoa_p2p204,0.7859375,2.2039473684210527,123,200,1.3949520499954815,-8.0235127,-2.504163059,-1.2590315605740707,1.1583302181848607,2.4173617787589317
mach_0p7859_aoa_p2p434,0.7859375,2.4342105263157894,130,200,1.4370475769974291,-8.079250504,-2.54314831,-1.282667124620564,1.1587373431039527,2.441404467724517
mach_0p7859_aoa_p2p664,0.7859375,2.664473684210526,115,200,1.197699875003309,-8.004941801,-2.463958933,-1.3056522375792476,1.1580502917371247,2.4637025293163726
mach_0p7859_aoa_p2p895,0.7859375,2.894736842105263,126,200,1.265313021998736,-8.035750195,-2.499651742,-1.3303843876498995,1.1563344971680987,2.486718884817998
mach_0p7859_aoa_p3p125,0.7859375,3.125,159,200,1.5941714700020384,-8.015319781,-2.493488584,-1.3532050342626605,1.153673540353951,2.5068785746166116
mach_0p7937_aoa_m1p250,0.79375,-1.25,150,200,1.4112804659962421,-8.020758793,-2.501779098,-1.1293482982419218,1.171252746234073,2.300601044475995
mach_0p7937_aoa_m1p020,0.79375,-1.0197368421052633,168,200,2.1035837219969835,-8.009493647,-2.489010695,-1.1111383544444513,1.1738472950409415,2.284985649485393
mach_0p7937_aoa_m0p789,0.79375,-0.7894736842105263,172,200,1.664214707998326,-8.000282658,-2.481914979,-1.0719484100421384,1.1747182068439626,2.2466666168861007
mach_0p7937_aoa_m0p559,0.79375,-0.5592105263157895,174,200,1.6516985289999866,-8.004132589,-2.488540187,-1.0343346036544994,1.1738018807518984,2.2081364844063978
mach_0p7937_aoa_m0p329,0.79375,-0.32894736842105265,157,200,1.565023866998672,-8.019407064,-2.502055035,-1.0055821797751143,1.1710583978735816,2.176640577648696
mach_0p7937_aoa_m0p099,0.79375,-0.09868421052631593,149,200,1.3875889359987923,-8.035450553,-2.516447406,-0.965112706653108,1.1665054281443594,2.1316181347974674
mach_0p7937_aoa_p0p132,0.79375,0.13157894736842102,144,200,1.3579125209944323,-8.010590541,-2.498197461,-0.9719464002761472,1.16346849997381,2.135414900249957
mach_0p7937_aoa_p0p362,0.79375,0.36184210526315796,152,200,1.5474446680018445,-8.015428603,-2.499402637,-1.018514101619391,1.1664706419400817,2.1849847435594727
mach_0p7937_aoa_p0p592,0.79375,0.5921052631578947,177,200,1.6004260740010068,-8.004881086,-2.485700541,-1.0392536796063891,1.167776428963446,2.2070301085698354
mach_0p7937_aoa_p0p822,0.79375,0.8223684210526314,175,200,2.333146928998758,-8.018804363,-2.496982027,-1.0838613237431187,1.1673986022291842,2.251259925972303
mach_0p7937_aoa_p1p053,0.79375,1.0526315789473681,150,200,1.5686992889968678,-8.013525322,-2.492418519,-1.0985604544889516,1.1653638311720138,2.2639242856609654
mach_0p7937_aoa_p1p283,0.79375,1.2828947368421053,142,200,1.3634381399970152,-8.011282224,-2.493789291,-1.1368885923380605,1.1617658319794588,2.2986544243175193
mach_0p7937_aoa_p1p513,0.79375,1.513157894736842,139,200,1.2715387029966223,-8.014019286,-2.496594573,-1.167816138396355,1.1566901929324171,2.324506331328772
mach_0p7937_aoa_p1p743,0.79375,1.7434210526315788,134,200,1.3243349589974969,-8.029493929,-2.513309823,-1.1883105246214976,1.156357390036404,2.3446679146579017
mach_0p7937_aoa_p1p974,0.79375,1.973684210526316,148,200,1.4224437919983757,-8.015908303,-2.491523523,-1.2119371389296822,1.1595017793308477,2.37143891826053
mach_0p7937_aoa_p2p204,0.79375,2.2039473684210527,121,200,1.5356112560039037,-8.032887397,-2.507182085,-1.2386933629434196,1.1614373791299246,2.400130742073344
mach_0p7937_aoa_p2p434,0.79375,2.4342105263157894,145,200,1.4895154789992375,-8.023526346,-2.500681613,-1.2664230216922558,1.1622069741667678,2.4286299958590236
mach_0p7937_aoa_p2p664,0.79375,2.664473684210526,187,200,1.7407794350001495,-8.00498828,-2.485012348,-1.2910260546500985,1.161914000496186,2.4529400551462848
mach_0p7937_aoa_p2p895,0.79375,2.894736842105263,137,200,1.33954812400043,-8.019332297,-2.497837776,-1.309921605463618,1.1606373037157223,2.4705589091793403
mach_0p7937_aoa_p3p125,0.79375,3.125,131,200,1.1850535639969166,-8.0453174,-2.508896482,-1.3262470414682206,1.158447545621704,2.4846945870899244
mach_0p8016_aoa_m1p250,0.8015625,-1.25,168,200,1.5098569190013222,-8.024468871,-2.502731473,-1.1376836851822405,1.1754231337813676,2.3131068189636084
mach_0p8016_aoa_m1p020,0.8015625,-1.0197368421052633,170,200,1.6664966979951714,-8.005253764,-2.485290492,-1.0909498937032525,1.1776128885673078,2.2685627822705605
mach_0p8016_aoa_m0p789,0.8015625,-0.7894736842105263,172,200,1.7916234959993744,-8.003873527,-2.486085242,-1.075435312710735,1.178193171857148,2.2536284845678827
mach_0p8016_aoa_m0p559,0.8015625,-0.5592105263157895,159,200,1.8836915220017545,-8.01724413,-2.499822931,-1.0365942886736998,1.1771285632444308,2.2137228519181305
mach_0p8016_aoa_m0p329,0.8015625,-0.32894736842105265,151,200,1.4640171869978076,-8.065052073,-2.546248275,-1.0042882293425932,1.1744021847221793,2.1786904140647723
mach_0p8016_aoa_m0p099,0.8015625,-0.09868421052631593,141,200,1.298055851002573,-8.014745041,-2.501331723,-0.9693273659771969,1.1699901941813535,2.1393175601585503
mach_0p8016_aoa_p0p132,0.8015625,0.13157894736842102,138,200,1.207907616000739,-8.029401036,-2.508198354,-0.9874975565929173,1.1669339544769513,2.1544315110698684
mach_0p8016_aoa_p0p362,0.8015625,0.36184210526315796,145,200,1.307963279003161,-8.014180423,-2.497259297,-1.0037337736283698,1.169849150497176,2.1735829241255455
mach_0p8016_aoa_p0p592,0.8015625,0.5921052631578947,173,200,1.6694885910037556,-8.028119046,-2.506356567,-1.0467501160820134,1.1711951912886762,2.2179453073706896
mach_0p8016_aoa_p0p822,0.8015625,0.8223684210526314,173,200,1.7112857030006126,-8.01347558,-2.494063009,-1.0602369093574466,1.1709909171506883,2.231227826508135
mach_0p8016_aoa_p1p053,0.8015625,1.0526315789473681,173,200,1.6557946909961174,-8.015485703,-2.493875825,-1.1024148040556634,1.169270375364895,2.271685179420558
mach_0p8016_aoa_p1p283,0.8015625,1.2828947368421053,152,200,1.5376985169932595,-8.008744537,-2.486259989,-1.126135003212848,1.166084303558902,2.29221930677175
mach_0p8016_aoa_p1p513,0.8015625,1.513157894736842,151,200,1.44891251300578,-8.019315746,-2.501964569,-1.1445573944528746,1.1615364740260388,2.3060938684789134
mach_0p8016_aoa_p1p743,0.8015625,1.7434210526315788,157,200,1.4106910759946913,-8.004698995,-2.481782523,-1.1862592380761765,1.1588784764793305,2.345137714555507
mach_0p8016_aoa_p1p974,0.8015625,1.973684210526316,147,200,1.5954769800009672,-8.01871406,-2.495449227,-1.2079163244008604,1.1622745767302944,2.3701909011311546
mach_0p8016_aoa_p2p204,0.8015625,2.2039473684210527,131,200,1.239978040997812,-8.00126587,-2.477452463,-1.2273606969775086,1.1644871018219585,2.391847798799467
mach_0p8016_aoa_p2p434,0.8015625,2.4342105263157894,124,200,1.2107050579943461,-8.020774131,-2.49587729,-1.2456660851271883,1.1655889333450788,2.411255018472267
mach_0p8016_aoa_p2p664,0.8015625,2.664473684210526,133,200,1.3124772110022604,-8.060449895,-2.518211415,-1.2674078149851045,1.1656695487327837,2.433077363717888
mach_0p8016_aoa_p2p895,0.8015625,2.894736842105263,132,200,1.274325142003363,-8.003139099,-2.476373187,-1.289024046234575,1.1648137114537385,2.4538377576883135
mach_0p8016_aoa_p3p125,0.8015625,3.125,145,200,1.3734561109959031,-8.024246598,-2.497710499,-1.3132886306715295,1.1630930241110091,2.4763816547825384
mach_0p8094_aoa_m1p250,0.809375,-1.25,164,200,1.6328221849980764,-8.029750146,-2.508234766,-1.1130646486445113,1.179496691722946,2.292561340367457
mach_0p8094_aoa_m1p020,0.809375,-1.0197368421052633,168,200,1.5001793440023903,-8.025885765,-2.503756522,-1.0996849961205084,1.1813340274649489,2.2810190235854573
mach_0p8094_aoa_m0p789,0.809375,-0.7894736842105263,164,200,1.551661591998709,-8.002411591,-2.48402288,-1.0595534383676806,1.1816928770145678,2.2412463153822486
mach_0p8094_aoa_m0p559,0.809375,-0.5592105263157895,148,200,1.3201950000002398,-8.020966795,-2.501601498,-1.039504260714205,1.1805308640240864,2.2200351247382915
mach_0p8094_aoa_m0p329,0.809375,-0.32894736842105265,144,200,1.284085633000359,-8.032867635,-2.515715305,-1.0030929064766967,1.1777861723095067,2.1808790787862034
mach_0p8094_aoa_m0p099,0.809375,-0.09868421052631593,162,200,1.4647080040012952,-8.02533107,-2.502068477,-0.9779857780740414,1.1735026682714556,2.151488446345497
mach_0p8094_aoa_p0p132,0.809375,0.13157894736842102,126,200,1.174345670006005,-8.035902866,-2.516791927,-0.9682458014181727,1.1704238346038423,2.1386696360220148
mach_0p8094_aoa_p0p362,0.809375,0.36184210526315796,159,200,1.5020973360005883,-8.020625606,-2.496000819,-1.0109537506013266,1.1732881000007593,2.1842418506020858
mach_0p8094_aoa_p0p592,0.809375,0.5921052631578947,152,200,1.3817736779965344,-8.040741186,-2.520994364,-1.0231812961633315,1.1746661968857626,2.1978474930490943
mach_0p8094_aoa_p0p822,0.809375,0.8223684210526314,178,200,1.6426524850030546,-8.006964231,-2.485189434,-1.0697950997538586,1.1745983760117378,2.2443934757655963
mach_0p8094_aoa_p1p053,0.809375,1.0526315789473681,170,200,1.6900417870056117,-8.027029676,-2.504358114,-1.0831171684511482,1.1731320952228386,2.256249263673987
mach_0p8094_aoa_p1p283,0.809375,1.2828947368421053,168,200,1.7204085800040048,-8.026618985,-2.504871588,-1.1220078777826914,1.1703273848332825,2.292335262615974
mach_0p8094_aoa_p1p513,0.809375,1.513157894736842,155,200,1.7065767780004535,-8.000371207,-2.47670429,-1.1439044894146224,1.1662026570470296,2.310107146461652
mach_0p8094_aoa_p1p743,0.809375,1.7434210526315788,151,200,1.65739969999413,-8.027791345,-2.507813743,-1.1593169256118367,1.161394563286437,2.320711488898274
mach_0p8094_aoa_p1p974,0.809375,1.973684210526316,158,200,1.488333937995776,-8.013613281,-2.488894275,-1.1949106303430985,1.164977019517017,2.3598876498601156
mach_0p8094_aoa_p2p204,0.809375,2.2039473684210527,147,200,1.7288658279940137,-8.05054866,-2.522645397,-1.2199153978615584,1.1674522580396018,2.3873676559011603
mach_0p8094_aoa_p2p434,0.809375,2.4342105263157894,148,200,1.5084572199994,-8.033528467,-2.506428835,-1.239536487968788,1.1688728737334613,2.4084093617022493
mach_0p8094_aoa_p2p664,0.809375,2.664473684210526,162,200,1.5088250339977094,-8.008519533,-2.485713054,-1.259422192273873,1.169316661578774,2.4287388538526473
mach_0p8094_aoa_p2p895,0.809375,2.894736842105263,132,200,2.0514142460015137,-8.007550986,-2.483041489,-1.278668641662079,1.1688809260374924,2.4475495676995713
mach_0p8094_aoa_p3p125,0.809375,3.125,131,200,1.212746541998058,-8.006272266,-2.472257873,-1.294715911305513,1.1676335604340888,2.4623494717396017
mach_0p8172_aoa_m1p250,0.8171875,-1.25,165,200,1.5304641849943437,-8.031213593,-2.506946959,-1.1120803977319949,1.18350068710682,2.295581084838815
mach_0p8172_aoa_m1p020,0.8171875,-1.0197368421052633,156,200,2.352232688004733,-8.026481249,-2.504357937,-1.0825514963325147,1.1850462985322094,2.267597794864724
mach_0p8172_aoa_m0p789,0.8171875,-0.7894736842105263,150,200,1.5038143319980009,-8.052442618,-2.531191552,-1.057179711195385,1.185222673132815,2.2424023843281997
mach_0p8172_aoa_m0p559,0.8171875,-0.5592105263157895,141,200,1.4779884939998738,-8.034789505,-2.516609848,-1.0303082779727066,1.1839670271286988,2.2142753051014052
mach_0p8172_aoa_m0p329,0.8171875,-0.32894736842105265,142,200,1.3945537660038099,-8.023117013,-2.498554273,-1.0047954007990219,1.181262875468243,2.186058276267265
mach_0p8172_aoa_m0p099,0.8171875,-0.09868421052631593,134,200,1.3655351189954672,-8.061861351,-2.534408173,-0.9671673560040641,1.1770564189819595,2.1442237749860236
mach_0p8172_aoa_p0p132,0.8171875,0.13157894736842102,157,200,1.4624117880011909,-8.00239755,-2.477472184,-0.9786189304276491,1.174003583916405,2.152622514344054
mach_0p8172_aoa_p0p362,0.8171875,0.36184210526315796,141,200,1.4179152159995283,-8.054702257,-2.52426365,-0.9928026235190514,1.1767746998547395,2.1695773233737907
mach_0p8172_aoa_p0p592,0.8171875,0.5921052631578947,149,200,1.4733188449972658,-8.004691776,-2.478349475,-1.0333516088859878,1.1781725560193315,2.2115241649053194
mach_0p8172_aoa_p0p822,0.8171875,0.8223684210526314,152,200,1.4009636880000471,-8.021080676,-2.499451439,-1.0525094229362615,1.1782194618205024,2.230728884756764
mach_0p8172_aoa_p1p053,0.8171875,1.0526315789473681,172,200,1.5251950719975866,-8.007503635,-2.482719363,-1.0865677322981426,1.1769580759287712,2.263525808226914
mach_0p8172_aoa_p1p283,0.8171875,1.2828947368421053,161,200,1.4896722289995523,-8.001307638,-2.481263248,-1.0988360705782323,1.174483493793366,2.273319564371598
mach_0p8172_aoa_p1p513,0.8171875,1.513157894736842,175,200,1.7491435670017381,-8.032147698,-2.509477543,-1.1401465256698657,1.1708030685810795,2.3109495942509453
mach_0p8172_aoa_p1p743,0.8171875,1.7434210526315788,164,200,1.5391228040025453,-8.002403231,-2.479818405,-1.1540802864850528,1.16602947124895,2.320109757734003
mach_0p8172_aoa_p1p974,0.8171875,1.973684210526316,155,200,1.3982808209984796,-8.014137925,-2.490755211,-1.1707056811255343,1.1676114027843112,2.3383170839098453
mach_0p8172_aoa_p2p204,0.8171875,2.2039473684210527,150,200,1.6548859410031582,-8.033924168,-2.514542896,-1.1994457299939534,1.1703080865406728,2.369753816534626
mach_0p8172_aoa_p2p434,0.8171875,2.4342105263157894,146,200,1.4885732539987657,-8.025853963,-2.503577369,-1.2218584681797198,1.1720242285300158,2.3938826967097357
mach_0p8172_aoa_p2p664,0.8171875,2.664473684210526,153,200,1.490297627999098,-8.003351897,-2.48063848,-1.2412812984919055,1.1728338972539123,2.4141151957458176
mach_0p8172_aoa_p2p895,0.8171875,2.894736842105263,134,200,1.2592970810001134,-8.012491996,-2.486064808,-1.2561015676125062,1.1728073051414292,2.4289088727539356
mach_0p8172_aoa_p3p125,0.8171875,3.125,128,200,1.260762636004074,-8.076035854,-2.544848539,-1.2713080884112764,1.172010041355486,2.4433181297667623
mach_0p8250_aoa_m1p250,0.825,-1.25,175,200,1.6441013959993143,-8.049120097,-2.520761051,-1.1024020201753333,1.1874974074569014,2.2898994276322346
mach_0p8250_aoa_m1p020,0.825,-1.0197368421052633,154,200,1.4776004110026406,-8.05539334,-2.527433183,-1.065652963165822,1.188771945504375,2.254424908670197
mach_0p8250_aoa_m0p789,0.825,-0.7894736842105263,192,200,1.7541452750010649,-8.015248094,-2.489178553,-1.0555702647137464,1.1887873200800847,2.244357584793831
mach_0p8250_aoa_m0p559,0.825,-0.5592105263157895,135,200,1.2671582510010921,-8.047396721,-2.525101423,-1.0158442671622467,1.1874814182112665,2.203325685373513
mach_0p8250_aoa_m0p329,0.825,-0.32894736842105265,134,200,1.2155489689976093,-8.001934033,-2.477329839,-0.9982496919502519,1.184769855892779,2.183019547843031
mach_0p8250_aoa_m0p099,0.825,-0.09868421052631593,144,200,1.399670929000422,-8.03374466,-2.508779795,-0.974263155832898,1.1806771422621432,2.154940298095041
mach_0p8250_aoa_p0p132,0.825,0.13157894736842102,142,200,1.2730024740012595,-8.051729527,-2.524752659,-0.9585501115835307,1.1776091971200942,2.1361593087036246
mach_0p8250_aoa_p0p362,0.825,0.36184210526315796,140,200,1.3058695110012195,-8.010264827,-2.476882522,-0.9975678942082717,1.180327253751294,2.177895147959566
mach_0p8250_aoa_p0p592,0.825,0.5921052631578947,201,200,2.186690146001638,-8.024930771,-2.499466857,-1.0308282736706222,1.1817261714695209,2.2125544451401433
mach_0p8250_aoa_p0p822,0.825,0.8223684210526314,139,200,1.3540618720071507,-8.038405126,-2.515461671,-1.0425510938563902,1.1818712301282606,2.224422323984651
mach_0p8250_aoa_p1p053,0.825,1.0526315789473681,162,200,1.5303323039988754,-8.012520663,-2.485525836,-1.0829768391070462,1.1807954925312298,2.2637723316382763
mach_0p8250_aoa_p1p283,0.825,1.2828947368421053,160,200,1.4320184009993682,-8.009485881,-2.487281338,-1.0917009765825352,1.1786043997851363,2.2703053763676717
mach_0p8250_aoa_p1p513,0.825,1.513157894736842,176,200,1.6031069259988726,-8.023275903,-2.497052288,-1.1263152364152471,1.1753820925006475,2.3016973289158944
mach_0p8250_aoa_p1p743,0.825,1.7434210526315788,179,200,1.482506767999439,-8.016302819,-2.49191653,-1.1457336211075961,1.1711294413261877,2.316863062433784
mach_0p8250_aoa_p1p974,0.825,1.973684210526316,170,200,2.0359731010030373,-8.031163999,-2.506126493,-1.1597724062525876,1.1701746154553692,2.329947021707957
mach_0p8250_aoa_p2p204,0.825,2.2039473684210527,157,200,1.4494780539971543,-8.03468883,-2.513343549,-1.1790743923063394,1.1730391958086257,2.352113588114965
mach_0p8250_aoa_p2p434,0.825,2.4342105263157894,155,200,1.5076896970058442,-8.019195918,-2.498760957,-1.1988625502853032,1.1750303785017377,2.3738929287870407
mach_0p8250_aoa_p2p664,0.825,2.664473684210526,148,200,1.3962009759998182,-8.002294077,-2.482243299,-1.2175170665400035,1.1761918556797906,2.393708922219794
mach_0p8250_aoa_p2p895,0.825,2.894736842105263,142,200,1.2497571900021285,-8.031814488,-2.513735666,-1.2351580118141814,1.1765611090771115,2.411719120891293
mach_0p8250_aoa_p3p125,0.825,3.125,133,200,1.203012153004238,-8.04938911,-2.531185945,-1.253696304492086,1.1762097763630885,2.4299060808551745
mach_0p8328_aoa_m1p250,0.8328125,-1.25,177,200,1.6472197870025411,-8.008592239,-2.481249979,-1.0903877511289597,1.191492404938494,2.2818801560674538
mach_0p8328_aoa_m1p020,0.8328125,-1.0197368421052633,161,200,1.4832262839991017,-8.075639086,-2.543813541,-1.056009927179034,1.1925087125131786,2.2485186396922128
mach_0p8328_aoa_m0p789,0.8328125,-0.7894736842105263,242,200,2.3700437090010382,-8.020701834,-2.494790917,-1.0430446558116244,1.192375667202965,2.2354203230145897
mach_0p8328_aoa_m0p559,0.8328125,-0.5592105263157895,162,200,1.6764835919966572,-8.03368033,-2.496010267,-1.0150488384065721,1.1910078856282147,2.206056724034787
mach_0p8328_aoa_m0p329,0.8328125,-0.32894736842105265,156,200,1.406568200000038,-8.012483476,-2.483358145,-0.980146977763103,1.1883395707764142,2.168486548539517
mach_0p8328_aoa_m0p099,0.8328125,-0.09868421052631593,159,200,1.6557386269996641,-8.047568798,-2.517902613,-0.9578135196235026,1.1843284525681967,2.142141972191699
mach_0p8328_aoa_p0p132,0.8328125,0.13157894736842102,176,200,1.6303351579990704,-8.025862449,-2.499066623,-0.9684763202365302,1.1812631336549504,2.1497394538914807
mach_0p8328_aoa_p0p362,0.8328125,0.36184210526315796,235,200,2.235416889998305,-8.002159495,-2.478073985,-1.0005122194748641,1.183910454154086,2.18442267362895
mach_0p8328_aoa_p0p592,0.8328125,0.5921052631578947,145,200,1.3486584929996752,-8.005572657,-2.478995334,-1.0166900894608226,1.1853195646691583,2.2020096541299807
mach_0p8328_aoa_p0p822,0.8328125,0.8223684210526314,163,200,1.500201240000024,-8.036078882,-2.510747335,-1.037845627472773,1.185552279023017,2.22339790649579
mach_0p8328_aoa_p1p053,0.8328125,1.0526315789473681,161,200,1.546030484001676,-8.021335315,-2.493217065,-1.0737571710498663,1.1846673189597678,2.2584244900096344
mach_0p8328_aoa_p1p283,0.8328125,1.2828947368421053,179,200,1.7717167220034753,-8.105984002,-2.565465555,-1.0826564291250944,1.182763029150763,2.2654194582758573
mach_0p8328_aoa_p1p513,0.8328125,1.513157894736842,185,200,2.0398740279997583,-8.014783006,-2.490301134,-1.1086127331196813,1.1799351543048278,2.2885478874245093
mach_0p8328_aoa_p1p743,0.8328125,1.7434210526315788,180,200,1.6712527640047483,-8.006655666,-2.483774489,-1.1327284588249564,1.1762092057848708,2.308937664609827
mach_0p8328_aoa_p1p974,0.8328125,1.973684210526316,186,200,1.7801886609959183,-8.003229841,-2.480074573,-1.1484393897304939,1.1726518024688521,2.3210911921993462
mach_0p8328_aoa_p2p204,0.8328125,2.2039473684210527,177,200,1.622405547001108,-8.0157852,-2.489157103,-1.165061924641399,1.1756325454878338,2.3406944701292325
mach_0p8328_aoa_p2p434,0.8328125,2.4342105263157894,170,200,1.7180603989982046,-8.005262102,-2.47753579,-1.1827439751118694,1.177872788127417,2.3606167632392863
mach_0p8328_aoa_p2p664,0.8328125,2.664473684210526,160,200,1.4184296970051946,-8.034374401,-2.509207086,-1.2002596087932196,1.17935318739387,2.3796127961870894
mach_0p8328_aoa_p2p895,0.8328125,2.894736842105263,152,200,1.336532432003878,-8.012673231,-2.489633218,-1.2173194899713797,1.1801149886844526,2.3974344786558324
mach_0p8328_aoa_p3p125,0.8328125,3.125,146,200,1.3830139709971263,-8.00612876,-2.486453503,-1.23310593682018,1.1801900199912345,2.4132959568114147
mach_0p8406_aoa_m1p250,0.840625,-1.25,172,200,1.5746867659981945,-8.024256676,-2.49264567,-1.0761451388203263,1.1955169453211074,2.2716620841414334
mach_0p8406_aoa_m1p020,0.840625,-1.0197368421052633,139,200,1.2852315909985919,-8.017551614,-2.483588847,-1.0461752211098532,1.196275350959652,2.2424505720695054
mach_0p8406_aoa_m0p789,0.840625,-0.7894736842105263,180,200,1.615490503005276,-8.0207317,-2.492072775,-1.0275161002824393,1.1959821394469428,2.2234982397293823
mach_0p8406_aoa_m0p559,0.840625,-0.5592105263157895,193,200,1.758545125994715,-8.022242973,-2.49478445,-1.0077983172293241,1.1945610729366152,2.202359390165939
mach_0p8406_aoa_m0p329,0.840625,-0.32894736842105265,202,200,1.9377648439985933,-8.006161428,-2.479064085,-0.9772863108195124,1.1919271497541608,2.1692134605736735
mach_0p8406_aoa_m0p099,0.840625,-0.09868421052631593,160,200,1.5466483489944949,-8.027074774,-2.49865815,-0.9485029124946504,1.188059145697292,2.1365620581919424
mach_0p8406_aoa_p0p132,0.840625,0.13157894736842102,131,200,1.197871156000474,-8.027047678,-2.500090919,-0.9646925877284243,1.1849257700052107,2.149618357733635
mach_0p8406_aoa_p0p362,0.840625,0.36184210526315796,151,200,1.587480346999655,-8.004434549,-2.463876958,-0.9857171810733364,1.1875183752586238,2.17323555633196
mach_0p8406_aoa_p0p592,0.840625,0.5921052631578947,147,200,1.5023943870037328,-8.041106083,-2.51009314,-1.0016685600598658,1.1889446937263697,2.1906132537862355
mach_0p8406_aoa_p0p822,0.840625,0.8223684210526314,158,200,1.4244038899996667,-8.060851245,-2.527161816,-1.0302775339258994,1.1892733865349743,2.2195509204608737
mach_0p8406_aoa_p1p053,0.840625,1.0526315789473681,203,200,2.199045326000487,-8.025592068,-2.499302711,-1.0600269926904127,1.1885778189818452,2.2486048116722577
mach_0p8406_aoa_p1p283,0.840625,1.2828947368421053,161,200,1.8547406099969521,-8.01651259,-2.484757288,-1.0723619650478062,1.1869613398102277,2.259323304858034
mach_0p8406_aoa_p1p513,0.840625,1.513157894736842,164,200,1.5051908919995185,-8.055118057,-2.526770042,-1.0918619414709707,1.1845180465309173,2.276379988001888
mach_0p8406_aoa_p1p743,0.840625,1.7434210526315788,179,200,1.575199632003205,-8.030546923,-2.502804824,-1.1172027264427766,1.1812799988085039,2.2984827252512803
mach_0p8406_aoa_p1p974,0.840625,1.973684210526316,183,200,1.6795839929982321,-8.014998297,-2.491820548,-1.1339102915998314,1.1773209413434722,2.3112312329433036
mach_0p8406_aoa_p2p204,0.840625,2.2039473684210527,186,200,1.742930973006878,-8.01106208,-2.486917632,-1.1475823735201118,1.178139471069149,2.325721844589261
mach_0p8406_aoa_p2p434,0.840625,2.4342105263157894,174,200,1.7223831189985503,-8.010433457,-2.484326121,-1.163961793596609,1.1805496022270947,2.3445113958237034
mach_0p8406_aoa_p2p664,0.840625,2.664473684210526,180,200,1.8225628869986394,-8.017354547,-2.49186627,-1.1798701699545486,1.1823197700651704,2.362189940019719
mach_0p8406_aoa_p2p895,0.840625,2.894736842105263,165,200,1.6804621660048724,-8.01804153,-2.492651677,-1.19633091784864,1.1834322851939547,2.379763203042595
mach_0p8406_aoa_p3p125,0.840625,3.125,162,200,1.5833471250007278,-8.031233793,-2.504538568,-1.211574077165839,1.1839204946355149,2.395494571801354
mach_0p8484_aoa_m1p250,0.8484375,-1.25,199,200,1.9578512810039683,-8.02538551,-2.496430037,-1.056184823095674,1.1995689461511694,2.2557537692468435
mach_0p8484_aoa_m1p020,0.8484375,-1.0197368421052633,158,200,1.5182133700000122,-8.052332466,-2.520808016,-1.0358061201727071,1.2000482409589748,2.2358543611316817
mach_0p8484_aoa_m0p789,0.8484375,-0.7894736842105263,143,200,1.3856540390042937,-8.039375261,-2.500507671,-1.0107235493791098,1.1995874193237097,2.2103109687028195
mach_0p8484_aoa_m0p559,0.8484375,-0.5592105263157895,221,200,2.267357214994263,-8.008448391,-2.481720224,-0.9994049232886343,1.1980958573424194,2.197500780631054
mach_0p8484_aoa_m0p329,0.8484375,-0.32894736842105265,195,200,1.8503701489971718,-8.025223987,-2.497113663,-0.9745843472532263,1.1955195887420171,2.170103935995243
mach_0p8484_aoa_m0p099,0.8484375,-0.09868421052631593,147,200,1.4463523020021967,-8.039365721,-2.509551131,-0.9476601561814497,1.1917744738461762,2.139434630027626
mach_0p8484_aoa_p0p132,0.8484375,0.13157894736842102,153,200,1.9805999980017077,-8.017623029,-2.484749388,-0.9463879948086877,1.1886452940372252,2.135033288845913
mach_0p8484_aoa_p0p362,0.8484375,0.36184210526315796,139,200,2.021232607003185,-8.101599453,-2.55971718,-0.9679272603389617,1.1911420067393508,2.1590692670783125
mach_0p8484_aoa_p0p592,0.8484375,0.5921052631578947,168,200,2.0759712920043967,-8.0319741,-2.498249303,-0.9926676079992821,1.192578829578989,2.185246437578271
mach_0p8484_aoa_p0p822,0.8484375,0.8223684210526314,184,200,1.76060186799441,-8.005359262,-2.474785915,-1.0220872668621122,1.1930197079670986,2.2151069748292107
mach_0p8484_aoa_p1p053,0.8484375,1.0526315789473681,229,200,2.6170598640019307,-8.018673275,-2.490320678,-1.042333417546287,1.19252787103022,2.234861288576507
mach_0p8484_aoa_p1p283,0.8484375,1.2828947368421053,171,200,1.6879420570039656,-8.009722969,-2.481264145,-1.0592100430044427,1.1911967105464905,2.250406753550933
mach_0p8484_aoa_p1p513,0.8484375,1.513157894736842,135,200,1.1991892709993408,-8.055400754,-2.527965881,-1.076331060108717,1.1891218187793473,2.2654528788880643
mach_0p8484_aoa_p1p743,0.8484375,1.7434210526315788,146,200,1.3105279259980307,-8.061645024,-2.530226439,-1.0998129873143827,1.1863382108384695,2.286151198152852
mach_0p8484_aoa_p1p974,0.8484375,1.973684210526316,176,200,1.590307099999336,-8.031437611,-2.502746458,-1.1159748675236136,1.1829008627449156,2.298875730268529
mach_0p8484_aoa_p2p204,0.8484375,2.2039473684210527,170,200,1.5423243830009596,-8.010005005,-2.484975451,-1.1309007071121828,1.180485280644068,2.3113859877562506
mach_0p8484_aoa_p2p434,0.8484375,2.4342105263157894,180,200,1.7847405610009446,-8.018829452,-2.490014974,-1.1465287324689681,1.1830717634173027,2.329600495886271
mach_0p8484_aoa_p2p664,0.8484375,2.664473684210526,167,200,1.4623577039965312,-8.011702314,-2.485979188,-1.1594014210856745,1.185069042003221,2.3444704630888955
mach_0p8484_aoa_p2p895,0.8484375,2.894736842105263,187,200,1.6295969880011398,-8.002021334,-2.476279783,-1.1724090944886716,1.1864962632181832,2.358905357706855
mach_0p8484_aoa_p3p125,0.8484375,3.125,194,200,1.8048383810019004,-8.004797106,-2.477432837,-1.1854982673319705,1.1873647418708841,2.3728630092028546
mach_0p8562_aoa_m1p250,0.85625,-1.25,142,200,1.3748850940028206,-8.035780921,-2.500105918,-1.0384493841412072,1.2036009163269654,2.242050300468173
mach_0p8562_aoa_m1p020,0.85625,-1.0197368421052633,153,200,1.3450718530002632,-8.015970902,-2.481853598,-1.0281339872791968,1.2038161653695347,2.2319501526487313
mach_0p8562_aoa_m0p789,0.85625,-0.7894736842105263,169,200,2.3783228879983653,-8.028718473,-2.49542823,-1.0009694563116804,1.2031754292962134,2.204144885607894
mach_0p8562_aoa_m0p559,0.85625,-0.5592105263157895,225,200,2.018443846005539,-8.014379512,-2.483978766,-0.9768690923333485,1.201607231105796,2.1784763234391447
mach_0p8562_aoa_m0p329,0.85625,-0.32894736842105265,219,200,1.876957754000614,-8.001182647,-2.470520504,-0.9631338275189744,1.1990609325366557,2.16219476005563
mach_0p8562_aoa_m0p099,0.85625,-0.09868421052631593,129,200,1.4205044759946759,-8.021190033,-2.48088879,-0.9418494136475323,1.1955116460899526,2.137361059737485
mach_0p8562_aoa_p0p132,0.85625,0.13157894736842102,195,200,1.802044834003027,-8.016072873,-2.48447473,-0.9360341232950594,1.1923785904768232,2.1284127137718825
mach_0p8562_aoa_p0p362,0.85625,0.36184210526315796,158,200,1.4240783390050638,-8.110352031,-2.572021663,-0.9596002177241443,1.194780427711479,2.1543806454356234
mach_0p8562_aoa_p0p592,0.85625,0.5921052631578947,167,200,1.4908077560030506,-8.023439422,-2.493129028,-0.9870578269408938,1.1962235695014485,2.183281396442342
mach_0p8562_aoa_p0p822,0.85625,0.8223684210526314,177,200,1.6001154630066594,-8.008943115,-2.478771306,-1.0116699565961087,1.1967808476268231,2.208450804222932
mach_0p8562_aoa_p1p053,0.85625,1.0526315789473681,143,200,1.3461297860048944,-8.069004111,-2.528026263,-1.023483426732788,1.1965020611917225,2.2199854879245104
mach_0p8562_aoa_p1p283,0.85625,1.2828947368421053,139,200,1.2624744159984402,-8.004446234,-2.468043371,-1.048420371463474,1.1954655547447226,2.243885926208197
mach_0p8562_aoa_p1p513,0.85625,1.513157894736842,168,200,1.5640701779993833,-8.00953862,-2.479588738,-1.0597608261336786,1.1937337692803858,2.2534945954140646
mach_0p8562_aoa_p1p743,0.85625,1.7434210526315788,157,200,1.4329879689976224,-8.038899165,-2.506620396,-1.0751111031945522,1.191379910560928,2.26649101375548
mach_0p8562_aoa_p1p974,0.85625,1.973684210526316,148,200,1.5410939840003266,-8.006768488,-2.479401989,-1.0898638616235856,1.188422518060432,2.2782863796840176
mach_0p8562_aoa_p2p204,0.85625,2.2039473684210527,151,200,1.5069953630008968,-8.030668773,-2.502146234,-1.1055402330243023,1.1849191480263142,2.290459381050616
mach_0p8562_aoa_p2p434,0.85625,2.4342105263157894,166,200,1.543808494003315,-8.045983561,-2.519931612,-1.1207102830361635,1.1854393042035054,2.306149587239669
mach_0p8562_aoa_p2p664,0.85625,2.664473684210526,176,200,1.5078878550048103,-8.006012122,-2.482578971,-1.1368335612343505,1.1876513753907598,2.3244849366251104
mach_0p8562_aoa_p2p895,0.85625,2.894736842105263,177,200,1.4909276990001672,-8.008194255,-2.482821061,-1.1517776923191914,1.1893574771289983,2.3411351694481897
mach_0p8562_aoa_p3p125,0.85625,3.125,182,200,1.6924158519977937,-8.011086976,-2.483304165,-1.1642271246612217,1.1905522899453518,2.3547794146065737
mach_0p8641_aoa_m1p250,0.8640625,-1.25,153,200,1.482687748997705,-8.044078546,-2.507797765,-1.02908950867446,1.2075995033166513,2.2366890119911114
mach_0p8641_aoa_m1p020,0.8640625,-1.0197368421052633,153,200,1.395342244002677,-8.024045188,-2.490772285,-1.0040785584866982,1.2075535793289558,2.211632137815654
mach_0p8641_aoa_m0p789,0.8640625,-0.7894736842105263,169,200,1.6560857450022013,-8.023807601,-2.491438307,-0.993697892786224,1.2067410945715114,2.2004389873577352
mach_0p8641_aoa_m0p559,0.8640625,-0.5592105263157895,159,200,1.4874353549967054,-8.078485292,-2.536436268,-0.9682613889447967,1.2051047988673598,2.1733661878121566
mach_0p8641_aoa_m0p329,0.8640625,-0.32894736842105265,172,200,1.518690589000471,-8.036410449,-2.499018582,-0.943269417306507,1.202602015542162,2.145871432848669
mach_0p8641_aoa_m0p099,0.8640625,-0.09868421052631593,191,200,1.7057006059985724,-8.017952848,-2.487478484,-0.9327989093763479,1.1992730964483855,2.1320720058247336
mach_0p8641_aoa_p0p132,0.8640625,0.13157894736842102,152,200,1.9213942740025232,-8.047101263,-2.50870933,-0.9276603628392941,1.19614991467986,2.123810277519154
mach_0p8641_aoa_p0p362,0.8640625,0.36184210526315796,160,200,1.509662215001299,-8.004911872,-2.470243162,-0.9556382764158732,1.1984136195805597,2.154051895996433
mach_0p8641_aoa_p0p592,0.8640625,0.5921052631578947,218,200,1.993211346998578,-8.012017361,-2.480869511,-0.9764376394480443,1.1998612276166907,2.1762988670647347
mach_0p8641_aoa_p0p822,0.8640625,0.8223684210526314,136,200,1.1801578419981524,-8.008376938,-2.478051322,-0.9881652040661938,1.2005377503598673,2.188702954426061
mach_0p8641_aoa_p1p053,0.8640625,1.0526315789473681,159,200,1.6141481599988765,-8.0064055,-2.47076618,-1.0140845396939866,1.200470656817796,2.2145551965117827
mach_0p8641_aoa_p1p283,0.8640625,1.2828947368421053,139,200,1.2008832450010232,-8.026192433,-2.491094446,-1.0252529596078208,1.199717276532408,2.224970236140229
mach_0p8641_aoa_p1p513,0.8640625,1.513157894736842,157,200,1.459766079999099,-8.021501411,-2.490734133,-1.0385263823584043,1.1983303087718837,2.236856691130288
mach_0p8641_aoa_p1p743,0.8640625,1.7434210526315788,181,200,1.6339881219973904,-8.025154886,-2.492993879,-1.0570695167867097,1.196365719408465,2.2534352361951746
mach_0p8641_aoa_p1p974,0.8640625,1.973684210526316,139,200,1.253502720996039,-8.041457101,-2.516312552,-1.0748683211698506,1.1938419759259333,2.268710297095784
mach_0p8641_aoa_p2p204,0.8640625,2.2039473684210527,155,200,1.4449093980001635,-8.058597553,-2.531842333,-1.088698423109354,1.190790523430492,2.2794889465398462
mach_0p8641_aoa_p2p434,0.8640625,2.4342105263157894,174,200,2.031791624998732,-8.073072308,-2.538260883,-1.0989612234999178,1.1877141472978723,2.28667537079779
mach_0p8641_aoa_p2p664,0.8640625,2.664473684210526,154,200,1.5175720039987937,-8.033820294,-2.50748955,-1.1136540778485684,1.1901120747616698,2.303766152610238
mach_0p8641_aoa_p2p895,0.8640625,2.894736842105263,172,200,1.559259450994432,-8.006206796,-2.480740563,-1.1275576267492549,1.1920482233136773,2.319605850062932
mach_0p8641_aoa_p3p125,0.8640625,3.125,184,200,2.374929557001451,-8.031007952,-2.505265325,-1.1413292931634171,1.1935275121926554,2.3348568053560728
mach_0p8719_aoa_m1p250,0.871875,-1.25,197,200,1.7115106499986723,-8.002304945,-2.471348155,-1.005964894962456,1.211546222282397,2.217511117244853
mach_0p8719_aoa_m1p020,0.871875,-1.0197368421052633,147,200,1.338057998997101,-8.102807115,-2.557848852,-0.9866447421880201,1.2112615429720368,2.197906285160057
mach_0p8719_aoa_m0p789,0.871875,-0.7894736842105263,128,200,1.1543763549998403,-8.037993853,-2.50807923,-0.9728496925290662,1.2103003540190138,2.18315004654808
mach_0p8719_aoa_m0p559,0.871875,-0.5592105263157895,134,200,1.2028541549952934,-8.010316595,-2.467704932,-0.961885719797178,1.208618439489379,2.170504159286557
mach_0p8719_aoa_m0p329,0.871875,-0.32894736842105265,152,200,1.3214367190012126,-8.038335393,-2.504650282,-0.9348253075200856,1.2062013548545407,2.1410266623746264
mach_0p8719_aoa_m0p099,0.871875,-0.09868421052631593,149,200,1.587637791999441,-8.009197343,-2.476835705,-0.9234607165343712,1.2030577398500473,2.1265184563844186
mach_0p8719_aoa_p0p132,0.871875,0.13157894736842102,153,200,1.5938284320000093,-8.067868272,-2.529329124,-0.9181495968519968,1.1999650167270197,2.1181146135790163
mach_0p8719_aoa_p0p362,0.871875,0.36184210526315796,137,200,1.2038151119995746,-8.026993281,-2.490454433,-0.94459067265423,1.2020924094009486,2.1466830820551785
mach_0p8719_aoa_p0p592,0.871875,0.5921052631578947,123,200,1.1764669319964014,-8.018176432,-2.473071634,-0.955107483782629,1.2035280964722381,2.158635580254867
mach_0p8719_aoa_p0p822,0.871875,0.8223684210526314,250,200,2.4856016990015632,-7.492363585,-1.962933025,-0.9780143819498165,1.204296996609377,2.1823113785591937
mach_0p8719_aoa_p1p053,0.871875,1.0526315789473681,198,200,1.7902267629979178,-8.012837191,-2.480825064,-0.9949226656688033,1.2044219736589257,2.199344639327729
mach_0p8719_aoa_p1p283,0.871875,1.2828947368421053,132,200,1.246304198000871,-8.070227475,-2.531187383,-1.00732711017485,1.2039246541453705,2.2112517643202203
mach_0p8719_aoa_p1p513,0.871875,1.513157894736842,135,200,1.2649683440031367,-8.06354899,-2.536666352,-1.0206471835512745,1.2028516640568712,2.2234988476081456
mach_0p8719_aoa_p1p743,0.871875,1.7434210526315788,140,200,1.3217115530060255,-8.009951814,-2.477967184,-1.0356014738527088,1.2012260388997176,2.236827512752426
mach_0p8719_aoa_p1p974,0.871875,1.973684210526316,153,200,1.4133352319986443,-8.034825708,-2.504129792,-1.0495893476262317,1.1990906985502847,2.248680046176516
mach_0p8719_aoa_p2p204,0.871875,2.2039473684210527,157,200,1.3345893119985703,-8.061901227,-2.533242566,-1.064874973237799,1.1964641567786347,2.2613391300164336
mach_0p8719_aoa_p2p434,0.871875,2.4342105263157894,155,200,1.3701145730010467,-8.024985678,-2.494310579,-1.078177364102922,1.193364990566891,2.271542354669813
mach_0p8719_aoa_p2p664,0.871875,2.664473684210526,160,200,1.316936158000317,-8.022298454,-2.494819782,-1.0934554004686474,1.1925142511845264,2.285969651653174
mach_0p8719_aoa_p2p895,0.871875,2.894736842105263,167,200,1.723533378004504,-8.043692402,-2.517341133,-1.1041699146621082,1.1946513731863004,2.2988212878484084
mach_0p8719_aoa_p3p125,0.871875,3.125,174,200,1.5604945320010302,-8.020086921,-2.490231052,-1.1134523264934446,1.1963760131340266,2.3098283396274715
mach_0p8797_aoa_m1p250,0.8796875,-1.25,129,200,1.1802812759997323,-8.011321494,-2.489646372,-0.9848499667570775,1.2154395499386366,2.200289516695714
mach_0p8797_aoa_m1p020,0.8796875,-1.0197368421052633,137,200,1.2508183720055968,-8.003400815,-2.468307042,-0.9696912278953004,1.2149688079162595,2.18466003581156
mach_0p8797_aoa_m0p789,0.8796875,-0.7894736842105263,116,200,1.0664432440025848,-8.031534081,-2.495574777,-0.9544541472568138,1.2138851096937304,2.168339256950544
mach_0p8797_aoa_m0p559,0.8796875,-0.5592105263157895,117,200,1.0940945980037213,-8.061468916,-2.523123384,-0.939237623837867,1.2121853287256386,2.1514229525635056
mach_0p8797_aoa_m0p329,0.8796875,-0.32894736842105265,124,200,1.1198422189991106,-8.010816486,-2.475179216,-0.923120729713124,1.2098649474542764,2.1329856771674005
mach_0p8797_aoa_m0p099,0.8796875,-0.09868421052631593,138,200,1.3462012680029147,-8.032041989,-2.49689138,-0.9076701683057552,1.2069146531172001,2.1145848214229552
mach_0p8797_aoa_p0p132,0.8796875,0.13157894736842102,154,200,1.9835534610028844,-8.012878225,-2.478456931,-0.9154553705244135,1.2038323194754064,2.11928768999982
mach_0p8797_aoa_p0p362,0.8796875,0.36184210526315796,130,200,1.2971541080041789,-8.0235339,-2.485315543,-0.9319498870237977,1.205833197480452,2.1377830845042496
mach_0p8797_aoa_p0p592,0.8796875,0.5921052631578947,165,200,1.5443802090012468,-8.034599949,-2.500762873,-0.9453940745329741,1.207247491147996,2.15264156568097
mach_0p8797_aoa_p0p822,0.8796875,0.8223684210526314,145,200,1.31651497099665,-8.058794653,-2.518577925,-0.9618092701907053,1.2080767133978363,2.1698859835885416
mach_0p8797_aoa_p1p053,0.8796875,1.0526315789473681,158,200,1.3027836789988214,-8.000435708,-2.467247797,-0.9764501093532904,1.2083495581619752,2.1847996675152657
mach_0p8797_aoa_p1p283,0.8796875,1.2828947368421053,125,200,1.1690330839992384,-8.045987415,-2.515992115,-0.9927251105279501,1.2080627827817019,2.200787893309652
mach_0p8797_aoa_p1p513,0.8796875,1.513157894736842,127,200,1.0702805539986002,-8.021928181,-2.49019101,-1.0057767156632644,1.2072474438240328,2.213024159487297
mach_0p8797_aoa_p1p743,0.8796875,1.7434210526315788,137,200,1.2028951039974345,-8.035205533,-2.499495517,-1.0198845118545037,1.2059262048872268,2.2258107167417305
mach_0p8797_aoa_p1p974,0.8796875,1.973684210526316,137,200,1.349966857000254,-8.012282301,-2.481864503,-1.0296315140531866,1.2041296604977691,2.233761174550956
mach_0p8797_aoa_p2p204,0.8796875,2.2039473684210527,139,200,1.2422514200006844,-8.018345011,-2.490604862,-1.0397332875600056,1.201864923483986,2.241598211043992
mach_0p8797_aoa_p2p434,0.8796875,2.4342105263157894,143,200,1.2930776879948098,-8.072004344,-2.545613786,-1.0545401919636694,1.1991457773400618,2.2536859693037314
mach_0p8797_aoa_p2p664,0.8796875,2.664473684210526,144,200,1.3215858339972328,-8.052124777,-2.529137846,-1.068051538745815,1.1959937517724015,2.2640452905182165
mach_0p8797_aoa_p2p895,0.8796875,2.894736842105263,151,200,1.4517849089970696,-8.006650256,-2.482997535,-1.0806293824671735,1.1972488677283672,2.277878250195541
mach_0p8797_aoa_p3p125,0.8796875,3.125,155,200,1.8467035599969677,-8.053402806,-2.527009731,-1.0899222997975593,1.1991648753043203,2.2890871751018795
mach_0p8875_aoa_m1p250,0.8875,-1.25,132,200,1.1801093140020384,-8.040719737,-2.50386975,-0.973622176650159,1.2193270873605537,2.192949264010713
mach_0p8875_aoa_m1p020,0.8875,-1.0197368421052633,115,200,1.1014759649988264,-8.05130974,-2.513198965,-0.9607415630333649,1.2187282933126427,2.1794698563460075
mach_0p8875_aoa_m0p789,0.8875,-0.7894736842105263,110,200,1.0588240249999217,-8.046292983,-2.512576857,-0.9417424178426145,1.2175805006258695,2.159322918468484
mach_0p8875_aoa_m0p559,0.8875,-0.5592105263157895,111,200,1.0789363110015984,-8.022555725,-2.490490135,-0.937482340887033,1.2158942136416755,2.1533765545287085
mach_0p8875_aoa_m0p329,0.8875,-0.32894736842105265,112,200,1.0224624870024854,-8.037474559,-2.501057943,-0.9165012145233935,1.2136545722096561,2.1301557867330496
mach_0p8875_aoa_m0p099,0.8875,-0.09868421052631593,108,200,1.0223810249954113,-8.039387937,-2.518614253,-0.909602166361863,1.2108663690743975,2.1204685354362605
mach_0p8875_aoa_p0p132,0.8875,0.13157894736842102,137,200,2.1405761240021093,-8.040136168,-2.504715076,-0.9069547624570709,1.2077579015718807,2.1147126640289517
mach_0p8875_aoa_p0p362,0.8875,0.36184210526315796,114,200,0.9569846599988523,-8.078773285,-2.536588849,-0.9269131212032276,1.2096642058038853,2.136577327007113
mach_0p8875_aoa_p0p592,0.8875,0.5921052631578947,125,200,1.0617491860029986,-8.002737466,-2.46511608,-0.931125399834016,1.2110461316739713,2.1421715315079872
mach_0p8875_aoa_p0p822,0.8875,0.8223684210526314,123,200,1.6694236490002368,-8.037383482,-2.500053707,-0.949153244740313,1.211915009906686,2.161068254646999
mach_0p8875_aoa_p1p053,0.8875,1.0526315789473681,118,200,2.134412314000656,-8.085972409,-2.546488689,-0.9573722803395645,1.2122821471182401,2.1696544274578047
mach_0p8875_aoa_p1p283,0.8875,1.2828947368421053,132,200,1.2699058459984371,-8.022414261,-2.488020179,-0.9711423932265669,1.2121499005223861,2.183292293748953
mach_0p8875_aoa_p1p513,0.8875,1.513157894736842,114,200,1.1799902550046681,-8.033610984,-2.504764106,-0.986866968862432,1.2115347195344048,2.198401688396837
mach_0p8875_aoa_p1p743,0.8875,1.7434210526315788,119,200,1.150330459997349,-8.082199852,-2.555727912,-0.9937887553256967,1.2104526456766025,2.204241401002299
mach_0p8875_aoa_p1p974,0.8875,1.973684210526316,129,200,2.047598854995158,-8.019828481,-2.483573365,-1.0100338493210992,1.2089220247056085,2.2189558740267077
mach_0p8875_aoa_p2p204,0.8875,2.2039473684210527,125,200,2.16252163000172,-8.036763927,-2.513047815,-1.021786956206887,1.2069557707815146,2.2287427269884015
mach_0p8875_aoa_p2p434,0.8875,2.4342105263157894,127,200,1.1929883049961063,-8.055860436,-2.531713842,-1.0311724353604619,1.2045660444002657,2.2357384797607276
mach_0p8875_aoa_p2p664,0.8875,2.664473684210526,131,200,1.189316289004637,-8.02915209,-2.501857778,-1.045171555126856,1.2017606847595927,2.2469322398864486
mach_0p8875_aoa_p2p895,0.8875,2.894736842105263,143,200,2.2061084890010534,-8.060921839,-2.527709143,-1.054210136917898,1.199950545859312,2.25416068277721
mach_0p8875_aoa_p3p125,0.8875,3.125,156,200,1.3462910409944016,-8.043099378,-2.513607447,-1.0656957867076884,1.2020175799157062,2.2677133666233944
